"Date","Time","Open","High","Low","Close","Up","Down"
01/01/2014,18:15,5.958,5.979,5.958,5.973,226,81
01/01/2014,18:30,5.972,5.973,5.966,5.966,13,31
01/01/2014,18:45,5.969,5.970,5.962,5.966,35,58
01/01/2014,19:00,5.964,5.964,5.956,5.959,16,62
01/01/2014,19:15,5.960,5.960,5.957,5.957,2,10
01/01/2014,19:30,5.958,5.960,5.956,5.960,25,30
01/01/2014,19:45,5.962,5.962,5.959,5.961,16,2
01/01/2014,20:00,5.963,5.963,5.959,5.959,2,41
01/01/2014,20:15,5.960,5.962,5.958,5.962,18,7
01/01/2014,20:30,5.963,5.964,5.962,5.964,12,1
01/01/2014,20:45,5.965,5.965,5.963,5.965,6,4
01/01/2014,21:00,5.965,5.965,5.960,5.963,10,6
01/01/2014,21:15,5.963,5.965,5.963,5.965,15,1
01/01/2014,21:30,5.965,5.966,5.965,5.965,11,12
01/01/2014,21:45,5.965,5.968,5.965,5.968,26,1
01/01/2014,22:00,5.965,5.966,5.955,5.955,6,118
01/01/2014,22:15,5.955,5.956,5.943,5.946,32,96
01/01/2014,22:30,5.946,5.953,5.944,5.951,214,149
01/01/2014,22:45,5.953,5.953,5.943,5.947,24,39
01/01/2014,23:00,5.947,5.951,5.945,5.948,45,40
01/01/2014,23:15,5.951,5.952,5.939,5.941,31,137
01/01/2014,23:30,5.944,5.950,5.944,5.949,10,3
01/01/2014,23:45,5.950,5.962,5.948,5.961,121,67
01/02/2014,00:00,5.961,5.962,5.954,5.956,5,31
01/02/2014,00:15,5.955,5.961,5.955,5.960,12,7
01/02/2014,00:30,5.960,5.964,5.960,5.964,36,2
01/02/2014,00:45,5.964,5.972,5.964,5.966,48,17
01/02/2014,01:00,5.968,5.971,5.968,5.969,22,9
01/02/2014,01:15,5.969,5.973,5.961,5.973,54,34
01/02/2014,01:30,5.973,5.974,5.972,5.974,16,9
01/02/2014,01:45,5.973,5.974,5.969,5.969,1,16
01/02/2014,02:00,5.969,5.971,5.968,5.970,6,4
01/02/2014,02:15,5.971,5.971,5.963,5.967,13,17
01/02/2014,02:30,5.966,5.966,5.960,5.960,7,28
01/02/2014,02:45,5.961,5.965,5.961,5.965,18,8
01/02/2014,03:00,5.965,5.967,5.964,5.967,8,1
01/02/2014,03:15,5.970,5.974,5.969,5.973,73,134
01/02/2014,03:30,5.972,5.973,5.966,5.967,16,43
01/02/2014,03:45,5.965,5.973,5.961,5.973,31,24
01/02/2014,04:00,5.972,5.973,5.960,5.964,19,29
01/02/2014,04:15,5.962,5.965,5.960,5.965,18,24
01/02/2014,04:30,5.963,5.969,5.962,5.969,26,16
01/02/2014,04:45,5.970,5.972,5.968,5.969,32,48
01/02/2014,05:00,5.968,5.970,5.967,5.970,8,7
01/02/2014,05:15,5.970,5.973,5.967,5.968,58,26
01/02/2014,05:30,5.968,5.972,5.967,5.970,39,45
01/02/2014,05:45,5.970,5.972,5.967,5.972,22,40
01/02/2014,06:00,5.972,5.976,5.971,5.972,99,18
01/02/2014,06:15,5.974,5.982,5.974,5.982,239,44
01/02/2014,06:30,5.982,5.983,5.967,5.971,97,214
01/02/2014,06:45,5.972,5.981,5.972,5.979,53,37
01/02/2014,07:00,5.980,5.983,5.980,5.981,53,67
01/02/2014,07:15,5.981,5.982,5.976,5.979,48,63
01/02/2014,07:30,5.978,5.995,5.975,5.992,405,192
01/02/2014,07:45,5.992,6.001,5.989,5.992,272,427
01/02/2014,08:00,5.992,6.005,5.992,6.002,230,117
01/02/2014,08:15,6.000,6.015,5.999,6.013,720,363
01/02/2014,08:30,6.014,6.015,6.003,6.003,311,373
01/02/2014,08:45,6.004,6.019,6.001,6.019,706,406
01/02/2014,09:00,6.019,6.027,6.015,6.020,1254,690
01/02/2014,09:15,6.019,6.043,6.017,6.033,2742,2338
01/02/2014,09:30,6.033,6.037,6.024,6.030,812,946
01/02/2014,09:45,6.029,6.042,6.028,6.038,1450,1027
01/02/2014,10:00,6.038,6.057,6.038,6.045,1534,1160
01/02/2014,10:15,6.046,6.051,6.037,6.040,873,1134
01/02/2014,10:30,6.040,6.046,6.029,6.033,688,981
01/02/2014,10:45,6.033,6.043,6.032,6.043,826,405
01/02/2014,11:00,6.042,6.057,6.040,6.053,1239,1123
01/02/2014,11:15,6.053,6.057,6.047,6.048,1268,1406
01/02/2014,11:30,6.047,6.056,6.038,6.041,705,1040
01/02/2014,11:45,6.042,6.049,6.021,6.024,1744,2478
01/02/2014,12:00,6.025,6.036,6.017,6.030,612,685
01/02/2014,12:15,6.031,6.035,6.012,6.017,876,1113
01/02/2014,12:30,6.018,6.018,5.995,6.004,1603,1994
01/02/2014,12:45,6.005,6.024,6.002,6.021,1470,1087
01/02/2014,13:00,6.020,6.031,6.018,6.023,811,758
01/02/2014,13:15,6.024,6.032,6.020,6.032,532,460
01/02/2014,13:30,6.032,6.042,6.032,6.040,1253,711
01/02/2014,13:45,6.040,6.045,6.032,6.043,594,622
01/02/2014,14:00,6.042,6.049,6.040,6.042,495,468
01/02/2014,14:15,6.042,6.044,6.032,6.040,685,969
01/02/2014,14:30,6.040,6.049,6.037,6.047,2069,1810
01/02/2014,14:45,6.047,6.048,6.041,6.042,409,664
01/02/2014,15:00,6.042,6.047,6.042,6.046,133,68
01/02/2014,15:15,6.045,6.046,6.039,6.043,166,250
01/02/2014,15:30,6.044,6.044,6.039,6.042,122,138
01/02/2014,15:45,6.042,6.042,6.035,6.036,71,212
01/02/2014,16:00,6.036,6.037,6.027,6.029,162,188
01/02/2014,16:15,6.029,6.038,6.029,6.036,119,40
01/02/2014,16:30,6.036,6.036,6.030,6.031,19,43
01/02/2014,16:45,6.032,6.035,6.031,6.031,38,20
01/02/2014,17:00,6.033,6.036,6.022,6.028,102,149
01/02/2014,18:15,6.024,6.038,6.023,6.029,109,118
01/02/2014,18:30,6.027,6.030,6.025,6.025,49,41
01/02/2014,18:45,6.027,6.027,6.025,6.025,3,20
01/02/2014,19:00,6.024,6.024,6.013,6.022,45,53
01/02/2014,19:15,6.022,6.024,6.017,6.022,5,9
01/02/2014,19:30,6.023,6.028,6.023,6.025,18,1
01/02/2014,19:45,6.027,6.030,6.024,6.030,12,6
01/02/2014,20:00,6.029,6.030,6.027,6.030,6,6
01/02/2014,20:15,6.029,6.031,6.028,6.031,44,6
01/02/2014,20:30,6.031,6.035,6.031,6.035,21,6
01/02/2014,20:45,6.034,6.036,6.033,6.034,7,14
01/02/2014,21:00,6.035,6.036,6.025,6.025,29,73
01/02/2014,21:15,6.025,6.026,6.022,6.023,7,24
01/02/2014,21:30,6.025,6.032,6.020,6.032,48,53
01/02/2014,21:45,6.031,6.033,6.030,6.033,15,8
01/02/2014,22:00,6.033,6.034,6.033,6.034,4,0
01/02/2014,22:15,6.033,6.034,6.032,6.034,1,6
01/02/2014,22:30,6.031,6.031,6.025,6.025,3,40
01/02/2014,22:45,6.026,6.031,6.023,6.031,28,23
01/02/2014,23:00,6.031,6.032,6.031,6.032,3,0
01/02/2014,23:15,6.032,6.033,6.032,6.032,5,1
01/02/2014,23:30,6.033,6.034,6.029,6.034,8,15
01/02/2014,23:45,6.030,6.035,6.025,6.025,13,21
01/03/2014,00:00,6.024,6.025,6.022,6.022,9,65
01/03/2014,00:15,6.022,6.023,6.022,6.023,14,7
01/03/2014,00:30,6.022,6.023,6.022,6.023,5,27
01/03/2014,00:45,6.022,6.023,6.016,6.019,18,24
01/03/2014,01:00,6.016,6.017,6.003,6.003,11,109
01/03/2014,01:15,6.003,6.019,5.997,6.011,114,73
01/03/2014,01:30,6.010,6.019,6.006,6.019,40,20
01/03/2014,01:45,6.020,6.023,6.019,6.023,19,9
01/03/2014,02:00,6.022,6.022,6.021,6.022,1,8
01/03/2014,02:15,6.021,6.022,6.016,6.016,20,43
01/03/2014,02:30,6.019,6.020,6.017,6.017,10,2
01/03/2014,02:45,6.017,6.017,6.016,6.017,3,7
01/03/2014,03:00,6.018,6.023,6.018,6.023,31,5
01/03/2014,03:15,6.022,6.039,6.022,6.036,112,23
01/03/2014,03:30,6.037,6.046,6.036,6.043,46,31
01/03/2014,03:45,6.043,6.048,6.039,6.040,108,133
01/03/2014,04:00,6.039,6.040,6.032,6.032,6,28
01/03/2014,04:15,6.034,6.036,6.019,6.019,13,77
01/03/2014,04:30,6.017,6.018,6.006,6.006,21,86
01/03/2014,04:45,6.005,6.020,6.005,6.020,59,17
01/03/2014,05:00,6.021,6.032,6.020,6.031,86,26
01/03/2014,05:15,6.031,6.034,6.027,6.032,24,18
01/03/2014,05:30,6.031,6.045,6.030,6.043,140,65
01/03/2014,05:45,6.042,6.044,6.041,6.041,10,27
01/03/2014,06:00,6.042,6.045,6.035,6.035,18,110
01/03/2014,06:15,6.034,6.035,6.026,6.030,39,103
01/03/2014,06:30,6.030,6.030,6.001,6.006,107,327
01/03/2014,06:45,6.006,6.015,6.002,6.004,189,166
01/03/2014,07:00,6.003,6.011,5.999,6.002,249,300
01/03/2014,07:15,6.003,6.010,6.002,6.009,151,88
01/03/2014,07:30,6.009,6.013,6.006,6.007,130,64
01/03/2014,07:45,6.007,6.013,6.005,6.013,109,56
01/03/2014,08:00,6.013,6.031,6.013,6.031,417,158
01/03/2014,08:15,6.030,6.034,6.007,6.010,252,592
01/03/2014,08:30,6.011,6.014,5.996,6.006,611,803
01/03/2014,08:45,6.006,6.011,6.004,6.008,370,346
01/03/2014,09:00,6.008,6.010,5.983,5.991,831,1227
01/03/2014,09:15,5.992,5.995,5.977,5.991,1217,1283
01/03/2014,09:30,5.992,6.008,5.988,6.003,1571,834
01/03/2014,09:45,6.004,6.008,5.993,6.003,807,944
01/03/2014,10:00,6.002,6.013,5.998,6.000,1299,1211
01/03/2014,10:15,6.000,6.004,5.993,6.003,933,477
01/03/2014,10:30,6.002,6.002,5.975,5.979,1075,1700
01/03/2014,10:45,5.976,6.003,5.932,6.000,8297,7599
01/03/2014,11:00,6.000,6.025,5.985,6.018,3256,3376
01/03/2014,11:15,6.019,6.039,6.012,6.025,2431,2488
01/03/2014,11:30,6.025,6.074,6.025,6.061,4328,2628
01/03/2014,11:45,6.061,6.104,6.060,6.084,4569,3740
01/03/2014,12:00,6.084,6.100,6.073,6.095,2902,2582
01/03/2014,12:15,6.096,6.111,6.092,6.099,1777,2115
01/03/2014,12:30,6.099,6.116,6.093,6.112,2046,1548
01/03/2014,12:45,6.113,6.114,6.086,6.097,1394,1684
01/03/2014,13:00,6.096,6.108,6.092,6.105,686,722
01/03/2014,13:15,6.106,6.114,6.089,6.091,851,1086
01/03/2014,13:30,6.092,6.095,6.080,6.093,983,1148
01/03/2014,13:45,6.093,6.097,6.077,6.083,1448,1433
01/03/2014,14:00,6.083,6.087,6.056,6.057,1290,1918
01/03/2014,14:15,6.057,6.057,6.006,6.018,3462,4781
01/03/2014,14:30,6.019,6.037,6.011,6.029,4197,3563
01/03/2014,14:45,6.029,6.030,6.013,6.020,483,665
01/03/2014,15:00,6.019,6.034,6.019,6.032,277,135
01/03/2014,15:15,6.031,6.034,6.028,6.034,105,73
01/03/2014,15:30,6.034,6.040,6.030,6.040,286,213
01/03/2014,15:45,6.040,6.044,6.029,6.042,361,281
01/03/2014,16:00,6.043,6.058,6.043,6.054,492,268
01/03/2014,16:15,6.054,6.054,6.045,6.046,52,149
01/03/2014,16:30,6.047,6.052,6.046,6.049,38,20
01/03/2014,16:45,6.050,6.052,6.046,6.047,41,33
01/03/2014,17:00,6.048,6.052,6.047,6.047,20,48
01/05/2014,18:15,6.039,6.064,6.039,6.060,635,760
01/05/2014,18:30,6.061,6.066,6.057,6.066,68,36
01/05/2014,18:45,6.064,6.071,6.062,6.067,34,36
01/05/2014,19:00,6.068,6.070,6.060,6.060,15,96
01/05/2014,19:15,6.060,6.061,6.056,6.059,39,66
01/05/2014,19:30,6.059,6.061,6.059,6.061,10,14
01/05/2014,19:45,6.060,6.061,6.060,6.060,43,25
01/05/2014,20:00,6.060,6.063,6.060,6.063,6,32
01/05/2014,20:15,6.063,6.068,6.063,6.063,29,8
01/05/2014,20:30,6.064,6.074,6.063,6.074,53,31
01/05/2014,20:45,6.073,6.073,6.071,6.071,12,47
01/05/2014,21:00,6.072,6.079,6.072,6.075,44,45
01/05/2014,21:15,6.075,6.078,6.074,6.078,22,20
01/05/2014,21:30,6.078,6.079,6.078,6.079,12,0
01/05/2014,21:45,6.078,6.079,6.077,6.079,7,5
01/05/2014,22:00,6.079,6.083,6.079,6.081,43,10
01/05/2014,22:15,6.081,6.081,6.074,6.077,24,69
01/05/2014,22:30,6.076,6.079,6.075,6.079,7,10
01/05/2014,22:45,6.078,6.078,6.078,6.078,0,3
01/05/2014,23:00,6.078,6.080,6.078,6.078,2,7
01/05/2014,23:15,6.077,6.079,6.076,6.076,13,16
01/05/2014,23:30,6.074,6.079,6.074,6.079,8,6
01/05/2014,23:45,6.079,6.079,6.077,6.077,8,26
01/06/2014,00:00,6.077,6.077,6.076,6.076,0,17
01/06/2014,00:15,6.076,6.076,6.074,6.075,4,11
01/06/2014,00:30,6.076,6.080,6.074,6.079,10,9
01/06/2014,00:45,6.079,6.083,6.079,6.082,24,5
01/06/2014,01:00,6.082,6.082,6.080,6.080,0,11
01/06/2014,01:15,6.080,6.083,6.080,6.082,22,18
01/06/2014,01:30,6.080,6.081,6.076,6.076,34,33
01/06/2014,01:45,6.077,6.080,6.077,6.077,4,7
01/06/2014,02:00,6.076,6.081,6.076,6.081,10,13
01/06/2014,02:15,6.079,6.082,6.077,6.081,18,23
01/06/2014,02:30,6.082,6.082,6.079,6.079,4,10
01/06/2014,02:45,6.078,6.079,6.069,6.069,11,89
01/06/2014,03:00,6.069,6.071,6.062,6.065,37,78
01/06/2014,03:15,6.064,6.067,6.044,6.044,60,549
01/06/2014,03:30,6.043,6.072,6.040,6.067,246,183
01/06/2014,03:45,6.068,6.088,6.066,6.087,278,176
01/06/2014,04:00,6.088,6.101,6.087,6.094,347,181
01/06/2014,04:15,6.095,6.101,6.095,6.099,65,53
01/06/2014,04:30,6.099,6.099,6.096,6.098,39,62
01/06/2014,04:45,6.099,6.101,6.098,6.098,35,38
01/06/2014,05:00,6.098,6.098,6.094,6.094,21,65
01/06/2014,05:15,6.093,6.096,6.088,6.091,64,108
01/06/2014,05:30,6.093,6.093,6.089,6.089,7,21
01/06/2014,05:45,6.089,6.094,6.087,6.090,62,74
01/06/2014,06:00,6.090,6.091,6.085,6.085,30,100
01/06/2014,06:15,6.086,6.100,6.084,6.097,124,67
01/06/2014,06:30,6.098,6.105,6.094,6.096,175,105
01/06/2014,06:45,6.097,6.101,6.080,6.083,139,316
01/06/2014,07:00,6.083,6.087,6.083,6.084,30,69
01/06/2014,07:15,6.083,6.085,6.080,6.082,40,56
01/06/2014,07:30,6.081,6.093,6.080,6.090,154,68
01/06/2014,07:45,6.090,6.090,6.065,6.066,153,392
01/06/2014,08:00,6.065,6.074,6.065,6.070,239,228
01/06/2014,08:15,6.069,6.082,6.054,6.077,795,604
01/06/2014,08:30,6.077,6.079,6.067,6.072,433,399
01/06/2014,08:45,6.073,6.074,6.036,6.044,1223,1786
01/06/2014,09:00,6.043,6.050,6.022,6.029,1107,1376
01/06/2014,09:15,6.029,6.031,6.009,6.024,2272,2098
01/06/2014,09:30,6.024,6.055,6.023,6.048,2099,1470
01/06/2014,09:45,6.048,6.057,6.039,6.052,1342,1532
01/06/2014,10:00,6.051,6.056,6.029,6.036,830,1540
01/06/2014,10:15,6.036,6.050,6.028,6.049,1091,568
01/06/2014,10:30,6.049,6.070,6.039,6.044,1989,1901
01/06/2014,10:45,6.044,6.047,6.037,6.040,671,718
01/06/2014,11:00,6.040,6.045,6.035,6.040,948,788
01/06/2014,11:15,6.039,6.040,6.024,6.028,1157,1450
01/06/2014,11:30,6.027,6.035,6.017,6.019,584,822
01/06/2014,11:45,6.019,6.048,6.013,6.028,2422,2016
01/06/2014,12:00,6.027,6.028,6.010,6.017,1446,1715
01/06/2014,12:15,6.018,6.022,6.009,6.011,643,752
01/06/2014,12:30,6.011,6.017,5.992,5.995,1543,1881
01/06/2014,12:45,5.995,6.013,5.994,6.012,2054,1241
01/06/2014,13:00,6.012,6.015,6.006,6.011,494,587
01/06/2014,13:15,6.011,6.020,6.010,6.013,738,612
01/06/2014,13:30,6.013,6.017,6.007,6.016,462,758
01/06/2014,13:45,6.016,6.018,6.011,6.012,329,347
01/06/2014,14:00,6.013,6.026,6.011,6.025,930,476
01/06/2014,14:15,6.026,6.036,6.025,6.031,1416,1592
01/06/2014,14:30,6.031,6.039,6.024,6.028,1258,1262
01/06/2014,14:45,6.027,6.032,6.027,6.031,365,148
01/06/2014,15:00,6.031,6.031,6.027,6.029,107,118
01/06/2014,15:15,6.028,6.029,6.026,6.028,39,55
01/06/2014,15:30,6.028,6.034,6.026,6.026,288,177
01/06/2014,15:45,6.027,6.030,6.022,6.026,107,133
01/06/2014,16:00,6.026,6.030,6.026,6.030,107,71
01/06/2014,16:15,6.030,6.032,6.026,6.032,177,140
01/06/2014,16:30,6.031,6.032,6.028,6.030,14,77
01/06/2014,16:45,6.031,6.032,6.027,6.027,142,69
01/06/2014,17:00,6.029,6.032,6.029,6.032,110,32
01/06/2014,18:15,6.034,6.041,6.032,6.039,26,21
01/06/2014,18:30,6.038,6.041,6.037,6.039,8,11
01/06/2014,18:45,6.038,6.041,6.036,6.041,13,5
01/06/2014,19:00,6.039,6.041,6.039,6.039,2,5
01/06/2014,19:15,6.039,6.040,6.035,6.035,1,9
01/06/2014,19:30,6.039,6.041,6.039,6.041,9,0
01/06/2014,19:45,6.036,6.041,6.036,6.039,15,4
01/06/2014,20:00,6.039,6.039,6.039,6.039,0,2
01/06/2014,20:15,6.038,6.041,6.038,6.041,5,4
01/06/2014,20:30,6.041,6.041,6.039,6.041,31,3
01/06/2014,20:45,6.041,6.045,6.041,6.045,67,8
01/06/2014,21:00,6.045,6.050,6.045,6.047,16,9
01/06/2014,21:15,6.047,6.050,6.047,6.050,11,2
01/06/2014,21:30,6.050,6.072,6.050,6.066,187,123
01/06/2014,21:45,6.065,6.068,6.064,6.066,13,36
01/06/2014,22:00,6.066,6.066,6.063,6.066,8,14
01/06/2014,22:15,6.066,6.066,6.063,6.064,13,9
01/06/2014,22:30,6.064,6.074,6.064,6.070,40,8
01/06/2014,22:45,6.069,6.076,6.069,6.074,93,18
01/06/2014,23:00,6.074,6.075,6.061,6.061,23,58
01/06/2014,23:15,6.060,6.075,6.059,6.071,155,150
01/06/2014,23:30,6.068,6.069,6.066,6.068,7,33
01/06/2014,23:45,6.066,6.066,6.050,6.059,141,148
01/07/2014,00:00,6.061,6.064,6.056,6.058,29,30
01/07/2014,00:15,6.059,6.060,6.058,6.058,9,10
01/07/2014,00:30,6.056,6.057,6.054,6.057,11,4
01/07/2014,00:45,6.057,6.064,6.056,6.062,29,11
01/07/2014,01:00,6.062,6.064,6.062,6.062,6,12
01/07/2014,01:15,6.062,6.072,6.062,6.072,49,8
01/07/2014,01:30,6.072,6.076,6.069,6.070,33,25
01/07/2014,01:45,6.069,6.071,6.066,6.068,10,14
01/07/2014,02:00,6.067,6.067,6.065,6.065,2,6
01/07/2014,02:15,6.064,6.069,6.064,6.066,13,7
01/07/2014,02:30,6.066,6.067,6.063,6.064,6,22
01/07/2014,02:45,6.064,6.065,6.063,6.065,17,6
01/07/2014,03:00,6.064,6.066,6.064,6.065,7,20
01/07/2014,03:15,6.064,6.067,6.064,6.064,20,7
01/07/2014,03:30,6.065,6.065,6.064,6.064,3,5
01/07/2014,03:45,6.065,6.065,6.047,6.048,70,200
01/07/2014,04:00,6.049,6.050,6.046,6.049,28,49
01/07/2014,04:15,6.050,6.053,6.046,6.047,50,57
01/07/2014,04:30,6.046,6.048,6.037,6.042,65,122
01/07/2014,04:45,6.042,6.042,6.037,6.040,13,15
01/07/2014,05:00,6.039,6.041,6.039,6.039,22,8
01/07/2014,05:15,6.040,6.050,6.039,6.047,47,26
01/07/2014,05:30,6.049,6.050,6.044,6.047,27,38
01/07/2014,05:45,6.048,6.059,6.047,6.058,241,99
01/07/2014,06:00,6.059,6.061,6.056,6.057,39,51
01/07/2014,06:15,6.058,6.059,6.050,6.055,29,64
01/07/2014,06:30,6.055,6.067,6.054,6.062,346,284
01/07/2014,06:45,6.062,6.062,6.059,6.060,46,37
01/07/2014,07:00,6.059,6.059,6.035,6.040,77,406
01/07/2014,07:15,6.039,6.059,6.038,6.056,345,105
01/07/2014,07:30,6.057,6.063,6.056,6.061,141,48
01/07/2014,07:45,6.061,6.066,6.056,6.060,210,176
01/07/2014,08:00,6.059,6.063,6.051,6.056,237,275
01/07/2014,08:15,6.056,6.060,6.050,6.053,310,385
01/07/2014,08:30,6.054,6.058,6.040,6.054,620,550
01/07/2014,08:45,6.055,6.059,6.049,6.057,641,633
01/07/2014,09:00,6.058,6.104,6.056,6.104,3293,1814
01/07/2014,09:15,6.104,6.156,6.100,6.129,7955,6878
01/07/2014,09:30,6.130,6.148,6.127,6.131,2479,1995
01/07/2014,09:45,6.131,6.140,6.112,6.122,1936,2439
01/07/2014,10:00,6.122,6.133,6.112,6.122,1763,1581
01/07/2014,10:15,6.123,6.132,6.080,6.090,2936,3669
01/07/2014,10:30,6.090,6.104,6.084,6.092,2777,2315
01/07/2014,10:45,6.092,6.099,6.068,6.071,2003,2453
01/07/2014,11:00,6.071,6.095,6.069,6.095,1969,1224
01/07/2014,11:15,6.095,6.101,6.085,6.096,1598,1506
01/07/2014,11:30,6.095,6.103,6.076,6.083,1500,1573
01/07/2014,11:45,6.082,6.116,6.077,6.112,3643,2485
01/07/2014,12:00,6.112,6.118,6.094,6.102,1224,1321
01/07/2014,12:15,6.101,6.106,6.091,6.097,610,569
01/07/2014,12:30,6.097,6.105,6.092,6.092,749,983
01/07/2014,12:45,6.091,6.095,6.070,6.080,1822,2157
01/07/2014,13:00,6.079,6.092,6.078,6.083,880,588
01/07/2014,13:15,6.083,6.085,6.041,6.048,2010,3188
01/07/2014,13:30,6.046,6.047,6.017,6.022,3046,3970
01/07/2014,13:45,6.023,6.024,5.988,6.017,3461,3509
01/07/2014,14:00,6.017,6.025,6.001,6.008,1642,1841
01/07/2014,14:15,6.007,6.036,5.999,6.025,1841,1667
01/07/2014,14:30,6.025,6.032,6.011,6.028,2183,1868
01/07/2014,14:45,6.028,6.031,6.018,6.019,747,1031
01/07/2014,15:00,6.020,6.031,6.019,6.027,367,187
01/07/2014,15:15,6.027,6.041,6.025,6.040,423,142
01/07/2014,15:30,6.040,6.057,6.038,6.052,736,442
01/07/2014,15:45,6.052,6.054,6.041,6.046,353,333
01/07/2014,16:00,6.045,6.054,6.045,6.051,339,261
01/07/2014,16:15,6.052,6.055,6.050,6.051,210,108
01/07/2014,16:30,6.052,6.060,6.051,6.056,156,15
01/07/2014,16:45,6.056,6.058,6.056,6.056,11,23
01/07/2014,17:00,6.056,6.058,6.052,6.054,37,39
01/07/2014,18:15,6.053,6.064,6.050,6.058,79,44
01/07/2014,18:30,6.057,6.060,6.055,6.060,56,20
01/07/2014,18:45,6.059,6.061,6.058,6.058,6,43
01/07/2014,19:00,6.058,6.058,6.058,6.058,0,2
01/07/2014,19:15,6.059,6.060,6.058,6.058,3,20
01/07/2014,19:30,6.058,6.058,6.055,6.056,5,19
01/07/2014,19:45,6.054,6.054,6.050,6.052,3,22
01/07/2014,20:00,6.052,6.052,6.049,6.049,3,6
01/07/2014,20:15,6.051,6.052,6.048,6.048,12,7
01/07/2014,20:30,6.048,6.050,6.041,6.041,6,60
01/07/2014,20:45,6.041,6.043,6.041,6.043,10,16
01/07/2014,21:00,6.042,6.049,6.040,6.046,72,75
01/07/2014,21:15,6.045,6.047,6.045,6.045,4,7
01/07/2014,21:30,6.047,6.047,6.046,6.046,4,2
01/07/2014,21:45,6.045,6.047,6.045,6.045,2,9
01/07/2014,22:00,6.045,6.045,6.044,6.045,7,11
01/07/2014,22:15,6.045,6.046,6.044,6.046,14,5
01/07/2014,22:30,6.048,6.049,6.048,6.048,9,1
01/07/2014,22:45,6.047,6.054,6.047,6.054,53,6
01/07/2014,23:00,6.055,6.057,6.053,6.053,15,12
01/07/2014,23:15,6.053,6.059,6.053,6.056,30,39
01/07/2014,23:30,6.056,6.058,6.054,6.058,7,3
01/07/2014,23:45,6.053,6.059,6.052,6.058,11,7
01/08/2014,00:00,6.058,6.058,6.057,6.058,6,3
01/08/2014,00:15,6.058,6.059,6.057,6.057,8,3
01/08/2014,00:30,6.056,6.061,6.055,6.058,35,17
01/08/2014,00:45,6.061,6.062,6.058,6.061,34,15
01/08/2014,01:00,6.058,6.062,6.058,6.061,3,3
01/08/2014,01:15,6.059,6.061,6.058,6.061,6,4
01/08/2014,01:30,6.062,6.062,6.057,6.057,1,15
01/08/2014,01:45,6.059,6.059,6.052,6.052,69,101
01/08/2014,02:00,6.051,6.055,6.050,6.051,22,35
01/08/2014,02:15,6.050,6.060,6.050,6.059,18,32
01/08/2014,02:30,6.058,6.058,6.051,6.051,23,36
01/08/2014,02:45,6.052,6.060,6.052,6.058,27,7
01/08/2014,03:00,6.057,6.057,6.052,6.053,5,13
01/08/2014,03:15,6.053,6.055,6.052,6.054,50,23
01/08/2014,03:30,6.055,6.060,6.054,6.060,31,2
01/08/2014,03:45,6.060,6.062,6.059,6.060,33,59
01/08/2014,04:00,6.062,6.078,6.062,6.075,353,110
01/08/2014,04:15,6.075,6.075,6.073,6.073,14,42
01/08/2014,04:30,6.073,6.074,6.072,6.073,20,29
01/08/2014,04:45,6.073,6.074,6.072,6.072,5,21
01/08/2014,05:00,6.072,6.072,6.069,6.069,4,43
01/08/2014,05:15,6.069,6.073,6.069,6.072,31,18
01/08/2014,05:30,6.071,6.071,6.069,6.069,2,23
01/08/2014,05:45,6.070,6.081,6.070,6.081,134,8
01/08/2014,06:00,6.081,6.081,6.073,6.076,85,69
01/08/2014,06:15,6.077,6.078,6.066,6.070,35,111
01/08/2014,06:30,6.069,6.074,6.061,6.067,269,302
01/08/2014,06:45,6.068,6.091,6.068,6.088,336,133
01/08/2014,07:00,6.088,6.088,6.083,6.083,81,145
01/08/2014,07:15,6.083,6.083,6.076,6.077,73,211
01/08/2014,07:30,6.078,6.082,6.074,6.075,274,120
01/08/2014,07:45,6.075,6.077,6.069,6.071,140,154
01/08/2014,08:00,6.071,6.071,6.052,6.058,411,431
01/08/2014,08:15,6.056,6.064,6.039,6.042,488,652
01/08/2014,08:30,6.042,6.057,6.041,6.050,553,591
01/08/2014,08:45,6.050,6.051,6.034,6.035,428,901
01/08/2014,09:00,6.035,6.039,6.000,6.009,1622,2374
01/08/2014,09:15,6.009,6.045,6.002,6.031,3569,2582
01/08/2014,09:30,6.031,6.043,6.022,6.030,1053,1013
01/08/2014,09:45,6.028,6.038,6.017,6.023,1352,1451
01/08/2014,10:00,6.023,6.040,6.023,6.029,812,855
01/08/2014,10:15,6.027,6.043,6.027,6.039,811,693
01/08/2014,10:30,6.038,6.051,6.038,6.048,1134,978
01/08/2014,10:45,6.047,6.049,6.037,6.037,960,1422
01/08/2014,11:00,6.038,6.039,6.023,6.026,983,1337
01/08/2014,11:15,6.027,6.030,6.022,6.029,653,830
01/08/2014,11:30,6.029,6.047,6.029,6.041,1386,1115
01/08/2014,11:45,6.041,6.041,6.018,6.020,1625,2263
01/08/2014,12:00,6.020,6.021,5.995,6.003,1781,2254
01/08/2014,12:15,6.003,6.010,5.982,5.999,2938,3289
01/08/2014,12:30,5.999,6.008,5.973,5.977,2009,2614
01/08/2014,12:45,5.976,5.982,5.963,5.978,2073,2792
01/08/2014,13:00,5.977,5.988,5.968,5.978,1181,1318
01/08/2014,13:15,5.978,5.978,5.965,5.976,885,1311
01/08/2014,13:30,5.975,5.983,5.970,5.980,633,774
01/08/2014,13:45,5.980,5.991,5.974,5.991,963,778
01/08/2014,14:00,5.991,5.991,5.965,5.967,1056,1529
01/08/2014,14:15,5.967,5.967,5.951,5.955,1957,2730
01/08/2014,14:30,5.956,5.957,5.938,5.945,5759,6093
01/08/2014,14:45,5.945,5.948,5.943,5.944,820,931
01/08/2014,15:00,5.944,5.945,5.942,5.945,341,271
01/08/2014,15:15,5.944,5.945,5.939,5.942,502,416
01/08/2014,15:30,5.942,5.949,5.941,5.947,294,206
01/08/2014,15:45,5.947,5.948,5.936,5.938,477,845
01/08/2014,16:00,5.938,5.943,5.938,5.939,279,208
01/08/2014,16:15,5.938,5.939,5.927,5.928,93,805
01/08/2014,16:30,5.929,5.935,5.909,5.917,410,635
01/08/2014,16:45,5.917,5.919,5.910,5.916,250,458
01/08/2014,17:00,5.916,5.919,5.915,5.917,106,86
01/08/2014,18:15,5.913,5.920,5.910,5.914,43,43
01/08/2014,18:30,5.913,5.913,5.905,5.909,41,96
01/08/2014,18:45,5.911,5.911,5.906,5.906,7,25
01/08/2014,19:00,5.906,5.912,5.906,5.912,6,1
01/08/2014,19:15,5.912,5.913,5.910,5.913,4,1
01/08/2014,19:30,5.911,5.914,5.911,5.911,6,7
01/08/2014,19:45,5.914,5.914,5.897,5.905,12,155
01/08/2014,20:00,5.902,5.902,5.891,5.894,37,182
01/08/2014,20:15,5.895,5.899,5.893,5.896,33,25
01/08/2014,20:30,5.897,5.898,5.893,5.897,28,18
01/08/2014,20:45,5.895,5.901,5.894,5.900,47,16
01/08/2014,21:00,5.901,5.902,5.899,5.899,17,17
01/08/2014,21:15,5.899,5.901,5.898,5.898,5,27
01/08/2014,21:30,5.898,5.901,5.898,5.900,7,13
01/08/2014,21:45,5.899,5.899,5.896,5.896,2,21
01/08/2014,22:00,5.899,5.899,5.895,5.899,18,50
01/08/2014,22:15,5.899,5.900,5.897,5.900,6,1
01/08/2014,22:30,5.901,5.905,5.901,5.905,28,5
01/08/2014,22:45,5.904,5.904,5.895,5.896,19,129
01/08/2014,23:00,5.899,5.902,5.898,5.900,38,11
01/08/2014,23:15,5.901,5.903,5.894,5.894,31,50
01/08/2014,23:30,5.895,5.896,5.881,5.891,72,214
01/08/2014,23:45,5.892,5.909,5.892,5.902,246,144
01/09/2014,00:00,5.902,5.911,5.902,5.909,33,30
01/09/2014,00:15,5.910,5.913,5.910,5.911,30,29
01/09/2014,00:30,5.911,5.914,5.911,5.911,42,18
01/09/2014,00:45,5.912,5.913,5.905,5.906,15,31
01/09/2014,01:00,5.907,5.907,5.905,5.905,4,7
01/09/2014,01:15,5.905,5.905,5.889,5.890,8,82
01/09/2014,01:30,5.888,5.889,5.886,5.888,19,53
01/09/2014,01:45,5.887,5.889,5.885,5.889,25,84
01/09/2014,02:00,5.889,5.894,5.889,5.893,9,1
01/09/2014,02:15,5.895,5.898,5.889,5.890,33,24
01/09/2014,02:30,5.889,5.889,5.884,5.886,24,58
01/09/2014,02:45,5.886,5.890,5.881,5.882,31,131
01/09/2014,03:00,5.882,5.886,5.882,5.886,33,17
01/09/2014,03:15,5.886,5.892,5.883,5.885,42,41
01/09/2014,03:30,5.886,5.886,5.883,5.886,37,42
01/09/2014,03:45,5.886,5.899,5.885,5.892,133,70
01/09/2014,04:00,5.894,5.897,5.891,5.896,24,33
01/09/2014,04:15,5.896,5.906,5.896,5.899,62,41
01/09/2014,04:30,5.898,5.898,5.888,5.894,36,77
01/09/2014,04:45,5.893,5.893,5.891,5.893,6,15
01/09/2014,05:00,5.892,5.894,5.891,5.893,11,4
01/09/2014,05:15,5.894,5.900,5.893,5.896,73,53
01/09/2014,05:30,5.897,5.898,5.895,5.895,12,10
01/09/2014,05:45,5.895,5.895,5.893,5.895,21,20
01/09/2014,06:00,5.896,5.899,5.895,5.896,35,15
01/09/2014,06:15,5.897,5.897,5.886,5.888,30,88
01/09/2014,06:30,5.888,5.890,5.883,5.889,87,179
01/09/2014,06:45,5.888,5.890,5.887,5.888,51,80
01/09/2014,07:00,5.888,5.894,5.885,5.892,109,53
01/09/2014,07:15,5.892,5.904,5.892,5.901,206,95
01/09/2014,07:30,5.900,5.900,5.890,5.896,86,136
01/09/2014,07:45,5.896,5.903,5.896,5.899,76,68
01/09/2014,08:00,5.899,5.902,5.884,5.884,157,381
01/09/2014,08:15,5.885,5.888,5.871,5.875,1019,1229
01/09/2014,08:30,5.876,5.877,5.862,5.877,641,1016
01/09/2014,08:45,5.877,5.885,5.871,5.872,648,558
01/09/2014,09:00,5.873,5.881,5.867,5.877,841,923
01/09/2014,09:15,5.876,5.879,5.853,5.862,2232,2839
01/09/2014,09:30,5.862,5.880,5.854,5.877,1574,1198
01/09/2014,09:45,5.877,5.890,5.873,5.886,1213,1128
01/09/2014,10:00,5.885,5.885,5.867,5.875,895,1085
01/09/2014,10:15,5.875,5.883,5.874,5.876,734,786
01/09/2014,10:30,5.876,5.890,5.867,5.883,1738,1926
01/09/2014,10:45,5.883,5.918,5.868,5.911,8833,7777
01/09/2014,11:00,5.912,5.912,5.883,5.886,2208,3384
01/09/2014,11:15,5.886,5.886,5.855,5.873,2626,3595
01/09/2014,11:30,5.872,5.883,5.865,5.874,1415,1399
01/09/2014,11:45,5.873,5.874,5.837,5.841,2438,4435
01/09/2014,12:00,5.840,5.849,5.832,5.833,2231,2503
01/09/2014,12:15,5.834,5.845,5.823,5.843,1822,2330
01/09/2014,12:30,5.843,5.848,5.826,5.833,1354,1510
01/09/2014,12:45,5.833,5.837,5.815,5.816,1623,2763
01/09/2014,13:00,5.815,5.820,5.785,5.790,2867,4927
01/09/2014,13:15,5.790,5.793,5.779,5.789,2203,2668
01/09/2014,13:30,5.789,5.807,5.787,5.804,2047,1776
01/09/2014,13:45,5.804,5.807,5.790,5.792,1159,2117
01/09/2014,14:00,5.792,5.795,5.775,5.781,1907,2328
01/09/2014,14:15,5.781,5.781,5.751,5.762,3567,5034
01/09/2014,14:30,5.763,5.769,5.725,5.737,8863,10439
01/09/2014,14:45,5.736,5.751,5.735,5.750,2082,1615
01/09/2014,15:00,5.750,5.751,5.742,5.744,424,370
01/09/2014,15:15,5.744,5.751,5.742,5.751,452,226
01/09/2014,15:30,5.750,5.751,5.744,5.750,196,364
01/09/2014,15:45,5.749,5.764,5.749,5.761,494,410
01/09/2014,16:00,5.762,5.774,5.759,5.774,824,572
01/09/2014,16:15,5.772,5.772,5.761,5.762,73,205
01/09/2014,16:30,5.762,5.766,5.759,5.761,162,140
01/09/2014,16:45,5.761,5.762,5.758,5.760,60,90
01/09/2014,17:00,5.760,5.761,5.751,5.752,97,150
01/09/2014,18:15,5.755,5.755,5.738,5.741,202,176
01/09/2014,18:30,5.741,5.741,5.734,5.738,75,74
01/09/2014,18:45,5.739,5.739,5.734,5.734,16,61
01/09/2014,19:00,5.734,5.735,5.721,5.725,116,220
01/09/2014,19:15,5.726,5.730,5.725,5.729,64,22
01/09/2014,19:30,5.728,5.729,5.722,5.722,3,56
01/09/2014,19:45,5.722,5.729,5.721,5.723,45,34
01/09/2014,20:00,5.726,5.735,5.724,5.735,82,86
01/09/2014,20:15,5.735,5.742,5.734,5.735,81,84
01/09/2014,20:30,5.736,5.737,5.734,5.736,6,18
01/09/2014,20:45,5.736,5.738,5.733,5.734,43,68
01/09/2014,21:00,5.735,5.737,5.734,5.735,20,25
01/09/2014,21:15,5.736,5.737,5.734,5.734,10,28
01/09/2014,21:30,5.734,5.738,5.734,5.734,11,50
01/09/2014,21:45,5.734,5.738,5.734,5.735,7,11
01/09/2014,22:00,5.735,5.736,5.733,5.735,27,16
01/09/2014,22:15,5.736,5.736,5.735,5.735,4,2
01/09/2014,22:30,5.736,5.740,5.734,5.740,31,21
01/09/2014,22:45,5.740,5.740,5.737,5.738,14,30
01/09/2014,23:00,5.738,5.740,5.737,5.739,16,19
01/09/2014,23:15,5.738,5.739,5.735,5.736,35,29
01/09/2014,23:30,5.736,5.739,5.736,5.738,58,5
01/09/2014,23:45,5.740,5.743,5.735,5.736,108,106
01/10/2014,00:00,5.737,5.743,5.734,5.738,67,104
01/10/2014,00:15,5.739,5.740,5.728,5.731,230,197
01/10/2014,00:30,5.732,5.740,5.731,5.739,158,129
01/10/2014,00:45,5.738,5.740,5.736,5.739,5,13
01/10/2014,01:00,5.738,5.739,5.738,5.739,1,4
01/10/2014,01:15,5.738,5.742,5.734,5.735,67,128
01/10/2014,01:30,5.738,5.742,5.735,5.741,182,105
01/10/2014,01:45,5.739,5.751,5.733,5.750,299,133
01/10/2014,02:00,5.751,5.751,5.743,5.744,39,176
01/10/2014,02:15,5.743,5.750,5.743,5.749,27,5
01/10/2014,02:30,5.748,5.750,5.746,5.748,25,15
01/10/2014,02:45,5.746,5.750,5.746,5.749,10,10
01/10/2014,03:00,5.749,5.751,5.749,5.751,12,5
01/10/2014,03:15,5.750,5.751,5.745,5.751,161,46
01/10/2014,03:30,5.751,5.760,5.747,5.747,238,344
01/10/2014,03:45,5.747,5.755,5.747,5.754,186,89
01/10/2014,04:00,5.754,5.763,5.753,5.759,66,57
01/10/2014,04:15,5.759,5.762,5.751,5.757,37,41
01/10/2014,04:30,5.756,5.760,5.756,5.760,34,19
01/10/2014,04:45,5.759,5.759,5.753,5.755,11,37
01/10/2014,05:00,5.754,5.757,5.754,5.756,13,9
01/10/2014,05:15,5.756,5.756,5.749,5.750,24,47
01/10/2014,05:30,5.750,5.752,5.740,5.745,47,109
01/10/2014,05:45,5.745,5.753,5.740,5.752,81,34
01/10/2014,06:00,5.752,5.753,5.746,5.746,25,63
01/10/2014,06:15,5.745,5.745,5.734,5.739,44,110
01/10/2014,06:30,5.739,5.740,5.728,5.731,160,428
01/10/2014,06:45,5.732,5.738,5.731,5.733,68,179
01/10/2014,07:00,5.734,5.734,5.728,5.732,47,74
01/10/2014,07:15,5.731,5.738,5.729,5.732,151,129
01/10/2014,07:30,5.731,5.742,5.723,5.723,183,319
01/10/2014,07:45,5.724,5.724,5.711,5.713,271,549
01/10/2014,08:00,5.712,5.712,5.691,5.692,580,1058
01/10/2014,08:15,5.691,5.699,5.679,5.696,1341,1356
01/10/2014,08:30,5.697,5.716,5.695,5.699,1150,1210
01/10/2014,08:45,5.699,5.751,5.698,5.749,3006,1985
01/10/2014,09:00,5.749,5.754,5.732,5.737,1061,1064
01/10/2014,09:15,5.738,5.755,5.735,5.741,1896,1628
01/10/2014,09:30,5.740,5.746,5.731,5.745,887,908
01/10/2014,09:45,5.745,5.763,5.744,5.755,2274,1545
01/10/2014,10:00,5.756,5.760,5.752,5.759,939,916
01/10/2014,10:15,5.758,5.764,5.752,5.758,990,838
01/10/2014,10:30,5.758,5.764,5.755,5.763,1005,667
01/10/2014,10:45,5.762,5.772,5.755,5.758,1783,1570
01/10/2014,11:00,5.758,5.768,5.755,5.768,1123,899
01/10/2014,11:15,5.768,5.776,5.762,5.768,1701,2910
01/10/2014,11:30,5.767,5.781,5.765,5.774,1884,1574
01/10/2014,11:45,5.774,5.787,5.758,5.763,2687,3060
01/10/2014,12:00,5.763,5.783,5.763,5.782,1681,1233
01/10/2014,12:15,5.782,5.793,5.774,5.786,1654,932
01/10/2014,12:30,5.786,5.803,5.781,5.788,1776,1722
01/10/2014,12:45,5.788,5.822,5.786,5.819,3140,1798
01/10/2014,13:00,5.818,5.825,5.802,5.805,2051,3044
01/10/2014,13:15,5.804,5.804,5.792,5.798,1295,1407
01/10/2014,13:30,5.797,5.812,5.786,5.795,1222,1851
01/10/2014,13:45,5.795,5.802,5.782,5.790,748,996
01/10/2014,14:00,5.790,5.794,5.769,5.794,1792,2571
01/10/2014,14:15,5.794,5.799,5.764,5.770,1923,2502
01/10/2014,14:30,5.769,5.789,5.756,5.788,7108,5895
01/10/2014,14:45,5.788,5.797,5.782,5.786,1551,1922
01/10/2014,15:00,5.786,5.791,5.783,5.789,324,279
01/10/2014,15:15,5.788,5.792,5.787,5.791,151,217
01/10/2014,15:30,5.791,5.793,5.789,5.793,147,109
01/10/2014,15:45,5.793,5.803,5.793,5.801,408,191
01/10/2014,16:00,5.801,5.803,5.799,5.799,229,229
01/10/2014,16:15,5.799,5.802,5.798,5.801,60,59
01/10/2014,16:30,5.801,5.802,5.799,5.799,30,79
01/10/2014,16:45,5.801,5.804,5.800,5.804,70,18
01/10/2014,17:00,5.804,5.805,5.801,5.805,16,13
01/12/2014,18:15,5.846,5.891,5.846,5.864,2230,994
01/12/2014,18:30,5.863,5.864,5.858,5.859,130,200
01/12/2014,18:45,5.859,5.862,5.853,5.856,135,198
01/12/2014,19:00,5.858,5.863,5.856,5.859,46,39
01/12/2014,19:15,5.859,5.862,5.854,5.860,105,153
01/12/2014,19:30,5.861,5.861,5.859,5.861,14,9
01/12/2014,19:45,5.862,5.867,5.858,5.865,74,16
01/12/2014,20:00,5.864,5.865,5.860,5.862,20,16
01/12/2014,20:15,5.863,5.870,5.863,5.867,53,17
01/12/2014,20:30,5.866,5.867,5.863,5.864,11,35
01/12/2014,20:45,5.864,5.864,5.859,5.860,8,42
01/12/2014,21:00,5.859,5.863,5.857,5.861,39,21
01/12/2014,21:15,5.863,5.866,5.862,5.864,21,22
01/12/2014,21:30,5.864,5.864,5.862,5.862,0,3
01/12/2014,21:45,5.863,5.867,5.862,5.867,81,61
01/12/2014,22:00,5.868,5.868,5.866,5.866,16,22
01/12/2014,22:15,5.865,5.867,5.862,5.867,8,56
01/12/2014,22:30,5.867,5.867,5.863,5.865,12,2
01/12/2014,22:45,5.863,5.866,5.863,5.864,13,13
01/12/2014,23:00,5.862,5.862,5.861,5.862,1,3
01/12/2014,23:15,5.862,5.862,5.861,5.861,1,10
01/12/2014,23:30,5.860,5.862,5.859,5.859,23,69
01/12/2014,23:45,5.859,5.860,5.857,5.858,65,137
01/13/2014,00:00,5.858,5.858,5.854,5.854,57,89
01/13/2014,00:15,5.854,5.855,5.852,5.852,9,143
01/13/2014,00:30,5.853,5.854,5.848,5.848,29,383
01/13/2014,00:45,5.849,5.850,5.847,5.847,28,122
01/13/2014,01:00,5.848,5.852,5.845,5.852,77,177
01/13/2014,01:15,5.852,5.853,5.845,5.846,32,41
01/13/2014,01:30,5.845,5.848,5.844,5.845,36,45
01/13/2014,01:45,5.847,5.848,5.845,5.848,9,3
01/13/2014,02:00,5.848,5.851,5.848,5.848,11,3
01/13/2014,02:15,5.849,5.850,5.847,5.848,12,3
01/13/2014,02:30,5.850,5.852,5.849,5.852,24,3
01/13/2014,02:45,5.852,5.853,5.850,5.851,9,10
01/13/2014,03:00,5.852,5.853,5.852,5.853,10,0
01/13/2014,03:15,5.852,5.854,5.852,5.852,33,31
01/13/2014,03:30,5.851,5.873,5.851,5.868,304,107
01/13/2014,03:45,5.869,5.874,5.864,5.874,148,40
01/13/2014,04:00,5.873,5.881,5.860,5.861,167,105
01/13/2014,04:15,5.861,5.866,5.859,5.864,40,50
01/13/2014,04:30,5.865,5.866,5.859,5.864,51,40
01/13/2014,04:45,5.863,5.864,5.863,5.864,6,18
01/13/2014,05:00,5.865,5.881,5.865,5.878,196,45
01/13/2014,05:15,5.878,5.879,5.877,5.877,34,27
01/13/2014,05:30,5.878,5.878,5.861,5.861,70,263
01/13/2014,05:45,5.860,5.865,5.857,5.858,116,128
01/13/2014,06:00,5.858,5.859,5.847,5.850,42,219
01/13/2014,06:15,5.851,5.868,5.851,5.868,256,55
01/13/2014,06:30,5.868,5.880,5.867,5.879,286,109
01/13/2014,06:45,5.879,5.888,5.875,5.877,222,165
01/13/2014,07:00,5.877,5.887,5.877,5.884,181,64
01/13/2014,07:15,5.881,5.901,5.881,5.894,809,342
01/13/2014,07:30,5.892,5.900,5.892,5.898,123,92
01/13/2014,07:45,5.899,5.906,5.891,5.892,517,493
01/13/2014,08:00,5.892,5.904,5.887,5.899,364,450
01/13/2014,08:15,5.898,5.905,5.892,5.903,598,767
01/13/2014,08:30,5.903,5.936,5.902,5.936,2744,1085
01/13/2014,08:45,5.935,5.949,5.929,5.947,2068,1597
01/13/2014,09:00,5.948,5.952,5.929,5.934,1581,1867
01/13/2014,09:15,5.934,5.967,5.932,5.949,5561,3895
01/13/2014,09:30,5.949,5.957,5.941,5.950,1543,1721
01/13/2014,09:45,5.949,5.949,5.929,5.936,2059,2271
01/13/2014,10:00,5.937,5.957,5.932,5.951,1728,1331
01/13/2014,10:15,5.952,5.964,5.945,5.950,1907,1921
01/13/2014,10:30,5.949,5.960,5.942,5.955,1074,897
01/13/2014,10:45,5.955,5.959,5.943,5.955,1301,1492
01/13/2014,11:00,5.954,5.970,5.951,5.962,1467,1479
01/13/2014,11:15,5.962,5.965,5.946,5.952,1411,1768
01/13/2014,11:30,5.952,5.958,5.934,5.942,2158,2455
01/13/2014,11:45,5.942,5.978,5.942,5.975,3274,2190
01/13/2014,12:00,5.975,5.982,5.962,5.975,2844,2263
01/13/2014,12:15,5.975,5.978,5.963,5.968,1022,1037
01/13/2014,12:30,5.968,5.973,5.954,5.967,1498,1434
01/13/2014,12:45,5.967,5.980,5.966,5.973,1428,1344
01/13/2014,13:00,5.972,5.976,5.964,5.967,938,1273
01/13/2014,13:15,5.967,5.981,5.967,5.977,996,736
01/13/2014,13:30,5.978,5.999,5.974,5.999,2466,1320
01/13/2014,13:45,5.999,6.005,5.988,5.990,2660,2204
01/13/2014,14:00,5.990,6.005,5.987,5.990,1852,2219
01/13/2014,14:15,5.991,6.012,5.982,6.004,3723,3095
01/13/2014,14:30,6.003,6.004,5.979,5.998,5548,5937
01/13/2014,14:45,5.998,6.003,5.989,6.001,2288,1509
01/13/2014,15:00,6.000,6.002,5.993,5.994,313,329
01/13/2014,15:15,5.993,6.007,5.991,6.006,521,258
01/13/2014,15:30,6.005,6.013,6.003,6.009,580,380
01/13/2014,15:45,6.009,6.022,6.006,6.022,756,339
01/13/2014,16:00,6.023,6.034,6.021,6.030,1012,697
01/13/2014,16:15,6.030,6.033,6.024,6.030,304,351
01/13/2014,16:30,6.029,6.039,6.029,6.035,119,110
01/13/2014,16:45,6.034,6.035,6.029,6.031,129,252
01/13/2014,17:00,6.031,6.032,6.023,6.032,263,195
01/13/2014,18:15,6.034,6.036,6.022,6.024,58,169
01/13/2014,18:30,6.023,6.026,6.023,6.026,20,4
01/13/2014,18:45,6.026,6.027,6.023,6.024,37,26
01/13/2014,19:00,6.023,6.024,6.020,6.024,5,20
01/13/2014,19:15,6.024,6.024,6.020,6.020,12,27
01/13/2014,19:30,6.020,6.022,6.020,6.022,5,3
01/13/2014,19:45,6.021,6.024,6.021,6.024,14,7
01/13/2014,20:00,6.023,6.025,6.021,6.024,35,27
01/13/2014,20:15,6.024,6.024,6.020,6.022,27,28
01/13/2014,20:30,6.020,6.022,6.018,6.020,7,22
01/13/2014,20:45,6.021,6.022,6.019,6.019,7,4
01/13/2014,21:00,6.020,6.024,6.020,6.023,22,7
01/13/2014,21:15,6.023,6.025,6.023,6.023,3,3
01/13/2014,21:30,6.024,6.026,6.019,6.019,14,34
01/13/2014,21:45,6.018,6.020,6.014,6.015,17,61
01/13/2014,22:00,6.013,6.017,6.013,6.017,29,73
01/13/2014,22:15,6.017,6.017,6.017,6.017,6,0
01/13/2014,22:30,6.016,6.018,6.016,6.018,7,6
01/13/2014,22:45,6.018,6.024,6.017,6.023,25,2
01/13/2014,23:00,6.022,6.022,6.021,6.022,10,11
01/13/2014,23:15,6.022,6.030,6.021,6.030,78,22
01/13/2014,23:30,6.029,6.037,6.028,6.034,122,36
01/13/2014,23:45,6.033,6.042,6.033,6.040,315,201
01/14/2014,00:00,6.039,6.042,6.039,6.042,36,55
01/14/2014,00:15,6.042,6.043,6.041,6.042,60,17
01/14/2014,00:30,6.043,6.044,6.042,6.042,34,7
01/14/2014,00:45,6.043,6.050,6.042,6.049,209,51
01/14/2014,01:00,6.047,6.049,6.042,6.049,9,13
01/14/2014,01:15,6.047,6.058,6.046,6.053,150,41
01/14/2014,01:30,6.051,6.056,6.050,6.055,31,57
01/14/2014,01:45,6.055,6.057,6.054,6.054,21,109
01/14/2014,02:00,6.054,6.059,6.054,6.056,53,14
01/14/2014,02:15,6.055,6.057,6.050,6.056,139,117
01/14/2014,02:30,6.054,6.057,6.052,6.054,13,19
01/14/2014,02:45,6.054,6.054,6.042,6.048,22,133
01/14/2014,03:00,6.047,6.048,6.047,6.048,4,20
01/14/2014,03:15,6.047,6.048,6.040,6.043,28,109
01/14/2014,03:30,6.041,6.042,6.036,6.041,49,130
01/14/2014,03:45,6.041,6.049,6.036,6.037,221,177
01/14/2014,04:00,6.037,6.051,6.037,6.040,242,271
01/14/2014,04:15,6.039,6.042,6.035,6.036,39,67
01/14/2014,04:30,6.036,6.040,6.036,6.036,142,10
01/14/2014,04:45,6.037,6.037,6.027,6.036,144,108
01/14/2014,05:00,6.037,6.042,6.028,6.035,59,51
01/14/2014,05:15,6.033,6.040,6.031,6.031,44,52
01/14/2014,05:30,6.030,6.031,6.022,6.025,45,103
01/14/2014,05:45,6.026,6.043,6.023,6.040,151,134
01/14/2014,06:00,6.039,6.043,6.029,6.040,116,68
01/14/2014,06:15,6.039,6.056,6.039,6.047,360,134
01/14/2014,06:30,6.047,6.061,6.047,6.052,335,184
01/14/2014,06:45,6.053,6.056,6.038,6.039,230,516
01/14/2014,07:00,6.039,6.046,6.033,6.042,209,151
01/14/2014,07:15,6.042,6.053,6.039,6.046,322,154
01/14/2014,07:30,6.043,6.046,6.034,6.041,216,169
01/14/2014,07:45,6.040,6.055,6.036,6.053,554,284
01/14/2014,08:00,6.052,6.070,6.051,6.059,720,485
01/14/2014,08:15,6.057,6.060,6.044,6.052,600,752
01/14/2014,08:30,6.052,6.063,6.046,6.059,724,630
01/14/2014,08:45,6.059,6.067,6.052,6.054,943,846
01/14/2014,09:00,6.054,6.079,6.054,6.074,2097,1435
01/14/2014,09:15,6.073,6.076,6.049,6.056,1930,3054
01/14/2014,09:30,6.056,6.076,6.052,6.064,2344,1548
01/14/2014,09:45,6.063,6.069,6.053,6.057,1067,1199
01/14/2014,10:00,6.056,6.059,6.040,6.056,1610,2026
01/14/2014,10:15,6.057,6.057,6.028,6.041,2123,2229
01/14/2014,10:30,6.041,6.060,6.036,6.057,1404,1096
01/14/2014,10:45,6.057,6.060,6.042,6.048,828,1114
01/14/2014,11:00,6.048,6.051,6.027,6.028,1001,1531
01/14/2014,11:15,6.029,6.054,6.024,6.046,2495,2406
01/14/2014,11:30,6.047,6.068,6.045,6.057,2392,1706
01/14/2014,11:45,6.056,6.082,6.046,6.080,3351,2547
01/14/2014,12:00,6.081,6.095,6.074,6.080,2287,2089
01/14/2014,12:15,6.080,6.084,6.068,6.069,1040,1363
01/14/2014,12:30,6.069,6.096,6.069,6.094,2276,1356
01/14/2014,12:45,6.094,6.107,6.085,6.094,2569,2456
01/14/2014,13:00,6.094,6.094,6.082,6.085,1084,1595
01/14/2014,13:15,6.086,6.097,6.082,6.095,733,498
01/14/2014,13:30,6.094,6.098,6.085,6.088,697,787
01/14/2014,13:45,6.087,6.099,6.082,6.097,1248,1038
01/14/2014,14:00,6.097,6.104,6.091,6.094,1066,1108
01/14/2014,14:15,6.094,6.099,6.078,6.080,1603,2314
01/14/2014,14:30,6.079,6.108,6.075,6.093,7896,5805
01/14/2014,14:45,6.094,6.095,6.074,6.082,1118,1331
01/14/2014,15:00,6.083,6.089,6.076,6.082,662,436
01/14/2014,15:15,6.082,6.091,6.082,6.088,298,220
01/14/2014,15:30,6.088,6.098,6.087,6.091,617,443
01/14/2014,15:45,6.091,6.093,6.086,6.092,135,189
01/14/2014,16:00,6.092,6.095,6.084,6.089,249,382
01/14/2014,16:15,6.088,6.091,6.087,6.089,68,101
01/14/2014,16:30,6.089,6.094,6.089,6.091,78,19
01/14/2014,16:45,6.091,6.093,6.089,6.089,25,52
01/14/2014,17:00,6.090,6.092,6.087,6.087,19,39
01/14/2014,18:15,6.079,6.080,6.069,6.073,36,73
01/14/2014,18:30,6.074,6.076,6.060,6.071,113,156
01/14/2014,18:45,6.071,6.071,6.070,6.071,10,19
01/14/2014,19:00,6.071,6.078,6.071,6.072,193,15
01/14/2014,19:15,6.071,6.073,6.070,6.072,9,24
01/14/2014,19:30,6.071,6.072,6.070,6.070,2,4
01/14/2014,19:45,6.070,6.072,6.070,6.072,6,4
01/14/2014,20:00,6.072,6.072,6.071,6.071,1,11
01/14/2014,20:15,6.072,6.074,6.072,6.074,7,0
01/14/2014,20:30,6.074,6.074,6.073,6.074,6,5
01/14/2014,20:45,6.074,6.076,6.074,6.075,21,10
01/14/2014,21:00,6.074,6.075,6.073,6.073,4,7
01/14/2014,21:15,6.072,6.072,6.061,6.061,4,51
01/14/2014,21:30,6.062,6.069,6.060,6.066,50,65
01/14/2014,21:45,6.066,6.073,6.066,6.070,33,8
01/14/2014,22:00,6.071,6.075,6.071,6.074,30,21
01/14/2014,22:15,6.073,6.078,6.073,6.074,80,40
01/14/2014,22:30,6.074,6.074,6.074,6.074,0,8
01/14/2014,22:45,6.073,6.078,6.073,6.077,11,8
01/14/2014,23:00,6.076,6.076,6.076,6.076,0,3
01/14/2014,23:15,6.076,6.079,6.073,6.077,34,169
01/14/2014,23:30,6.076,6.084,6.076,6.080,67,19
01/14/2014,23:45,6.080,6.088,6.074,6.083,217,244
01/15/2014,00:00,6.083,6.087,6.074,6.080,107,114
01/15/2014,00:15,6.080,6.080,6.075,6.076,6,18
01/15/2014,00:30,6.076,6.077,6.075,6.075,10,1
01/15/2014,00:45,6.074,6.074,6.074,6.074,0,8
01/15/2014,01:00,6.074,6.079,6.074,6.078,31,14
01/15/2014,01:15,6.079,6.086,6.076,6.084,58,23
01/15/2014,01:30,6.083,6.089,6.083,6.088,63,27
01/15/2014,01:45,6.087,6.094,6.087,6.094,109,9
01/15/2014,02:00,6.093,6.095,6.088,6.089,11,30
01/15/2014,02:15,6.089,6.092,6.088,6.090,7,8
01/15/2014,02:30,6.088,6.092,6.085,6.091,21,7
01/15/2014,02:45,6.090,6.093,6.089,6.090,4,8
01/15/2014,03:00,6.091,6.098,6.089,6.098,61,21
01/15/2014,03:15,6.097,6.099,6.087,6.091,612,277
01/15/2014,03:30,6.089,6.092,6.083,6.088,174,151
01/15/2014,03:45,6.087,6.091,6.084,6.090,77,25
01/15/2014,04:00,6.090,6.091,6.083,6.087,35,50
01/15/2014,04:15,6.086,6.088,6.085,6.088,27,30
01/15/2014,04:30,6.087,6.090,6.085,6.087,28,30
01/15/2014,04:45,6.087,6.088,6.085,6.085,22,47
01/15/2014,05:00,6.085,6.094,6.081,6.081,60,83
01/15/2014,05:15,6.082,6.085,6.082,6.084,22,16
01/15/2014,05:30,6.083,6.084,6.081,6.084,18,21
01/15/2014,05:45,6.083,6.102,6.077,6.102,240,83
01/15/2014,06:00,6.101,6.115,6.097,6.111,332,211
01/15/2014,06:15,6.110,6.122,6.109,6.121,521,199
01/15/2014,06:30,6.121,6.126,6.118,6.124,258,196
01/15/2014,06:45,6.124,6.138,6.124,6.137,836,264
01/15/2014,07:00,6.137,6.138,6.133,6.137,265,289
01/15/2014,07:15,6.137,6.140,6.133,6.138,134,151
01/15/2014,07:30,6.137,6.139,6.131,6.137,140,245
01/15/2014,07:45,6.137,6.138,6.124,6.128,315,388
01/15/2014,08:00,6.127,6.129,6.114,6.126,544,601
01/15/2014,08:15,6.125,6.135,6.110,6.135,896,847
01/15/2014,08:30,6.133,6.137,6.124,6.126,515,467
01/15/2014,08:45,6.127,6.127,6.107,6.112,744,1069
01/15/2014,09:00,6.111,6.124,6.107,6.116,1235,1271
01/15/2014,09:15,6.118,6.122,6.102,6.117,2378,2302
01/15/2014,09:30,6.117,6.134,6.116,6.130,1593,1154
01/15/2014,09:45,6.129,6.129,6.116,6.117,1080,1371
01/15/2014,10:00,6.117,6.117,6.101,6.103,1647,2185
01/15/2014,10:15,6.104,6.106,6.081,6.088,1780,2618
01/15/2014,10:30,6.088,6.104,6.086,6.096,1680,1356
01/15/2014,10:45,6.097,6.102,6.087,6.099,799,774
01/15/2014,11:00,6.098,6.100,6.090,6.094,936,896
01/15/2014,11:15,6.093,6.116,6.093,6.112,2211,2030
01/15/2014,11:30,6.112,6.123,6.112,6.115,2103,1414
01/15/2014,11:45,6.115,6.139,6.114,6.137,4090,3105
01/15/2014,12:00,6.137,6.158,6.137,6.147,3612,2056
01/15/2014,12:15,6.147,6.155,6.140,6.143,1133,1128
01/15/2014,12:30,6.144,6.150,6.139,6.142,694,901
01/15/2014,12:45,6.141,6.144,6.098,6.117,3895,4640
01/15/2014,13:00,6.116,6.117,6.088,6.099,2207,2175
01/15/2014,13:15,6.099,6.119,6.097,6.118,1690,1051
01/15/2014,13:30,6.117,6.128,6.108,6.110,1555,1711
01/15/2014,13:45,6.110,6.124,6.108,6.109,1244,1223
01/15/2014,14:00,6.109,6.111,6.088,6.098,2296,2796
01/15/2014,14:15,6.098,6.100,6.054,6.069,3967,5267
01/15/2014,14:30,6.068,6.090,6.044,6.050,5017,5310
01/15/2014,14:45,6.050,6.063,6.048,6.063,1095,805
01/15/2014,15:00,6.062,6.071,6.059,6.070,484,278
01/15/2014,15:15,6.070,6.078,6.068,6.072,423,372
01/15/2014,15:30,6.071,6.074,6.059,6.060,284,501
01/15/2014,15:45,6.059,6.059,6.053,6.053,337,494
01/15/2014,16:00,6.053,6.060,6.052,6.056,283,112
01/15/2014,16:15,6.056,6.057,6.052,6.056,109,156
01/15/2014,16:30,6.056,6.059,6.055,6.058,33,50
01/15/2014,16:45,6.058,6.058,6.055,6.057,91,14
01/15/2014,17:00,6.058,6.059,6.053,6.053,26,24
01/15/2014,18:15,6.061,6.061,6.042,6.051,120,82
01/15/2014,18:30,6.053,6.057,6.051,6.052,18,3
01/15/2014,18:45,6.052,6.064,6.052,6.060,26,19
01/15/2014,19:00,6.059,6.059,6.053,6.058,6,15
01/15/2014,19:15,6.058,6.059,6.053,6.054,6,23
01/15/2014,19:30,6.055,6.057,6.055,6.055,6,8
01/15/2014,19:45,6.054,6.057,6.050,6.050,7,18
01/15/2014,20:00,6.054,6.058,6.054,6.058,9,2
01/15/2014,20:15,6.059,6.062,6.056,6.059,14,12
01/15/2014,20:30,6.061,6.061,6.058,6.060,7,4
01/15/2014,20:45,6.060,6.061,6.060,6.060,7,2
01/15/2014,21:00,6.060,6.062,6.058,6.062,15,12
01/15/2014,21:15,6.060,6.064,6.060,6.064,32,3
01/15/2014,21:30,6.063,6.068,6.063,6.067,65,23
01/15/2014,21:45,6.065,6.071,6.065,6.071,41,20
01/15/2014,22:00,6.073,6.074,6.071,6.071,16,27
01/15/2014,22:15,6.070,6.071,6.068,6.069,9,15
01/15/2014,22:30,6.069,6.069,6.067,6.067,0,12
01/15/2014,22:45,6.067,6.068,6.066,6.066,2,5
01/15/2014,23:00,6.066,6.066,6.065,6.065,0,12
01/15/2014,23:15,6.066,6.082,6.065,6.077,147,25
01/15/2014,23:30,6.081,6.084,6.081,6.081,52,38
01/15/2014,23:45,6.081,6.095,6.081,6.091,149,80
01/16/2014,00:00,6.089,6.089,6.084,6.087,9,16
01/16/2014,00:15,6.087,6.087,6.080,6.080,16,31
01/16/2014,00:30,6.080,6.083,6.080,6.082,7,15
01/16/2014,00:45,6.080,6.095,6.077,6.094,257,74
01/16/2014,01:00,6.094,6.096,6.086,6.090,212,129
01/16/2014,01:15,6.088,6.096,6.088,6.096,105,35
01/16/2014,01:30,6.094,6.096,6.092,6.092,72,28
01/16/2014,01:45,6.089,6.093,6.089,6.091,8,10
01/16/2014,02:00,6.094,6.095,6.091,6.092,6,7
01/16/2014,02:15,6.091,6.103,6.091,6.101,188,47
01/16/2014,02:30,6.100,6.104,6.099,6.101,52,30
01/16/2014,02:45,6.100,6.105,6.092,6.097,50,162
01/16/2014,03:00,6.097,6.103,6.094,6.101,29,49
01/16/2014,03:15,6.099,6.110,6.089,6.108,295,106
01/16/2014,03:30,6.108,6.119,6.097,6.119,308,102
01/16/2014,03:45,6.120,6.122,6.107,6.108,83,234
01/16/2014,04:00,6.108,6.122,6.107,6.121,92,41
01/16/2014,04:15,6.119,6.120,6.107,6.107,49,95
01/16/2014,04:30,6.107,6.116,6.107,6.112,71,49
01/16/2014,04:45,6.110,6.118,6.110,6.111,33,27
01/16/2014,05:00,6.111,6.116,6.110,6.115,36,24
01/16/2014,05:15,6.116,6.125,6.116,6.121,201,34
01/16/2014,05:30,6.119,6.143,6.119,6.142,468,216
01/16/2014,05:45,6.142,6.155,6.142,6.143,399,300
01/16/2014,06:00,6.143,6.152,6.139,6.150,134,72
01/16/2014,06:15,6.151,6.160,6.148,6.152,455,429
01/16/2014,06:30,6.154,6.162,6.152,6.161,359,282
01/16/2014,06:45,6.161,6.171,6.157,6.169,788,440
01/16/2014,07:00,6.170,6.171,6.155,6.157,225,486
01/16/2014,07:15,6.157,6.163,6.153,6.161,270,424
01/16/2014,07:30,6.161,6.171,6.161,6.168,434,263
01/16/2014,07:45,6.168,6.194,6.160,6.190,1316,729
01/16/2014,08:00,6.190,6.193,6.183,6.187,319,240
01/16/2014,08:15,6.188,6.206,6.183,6.199,1017,1050
01/16/2014,08:30,6.200,6.221,6.197,6.211,1706,1430
01/16/2014,08:45,6.210,6.221,6.197,6.199,1847,1968
01/16/2014,09:00,6.199,6.209,6.197,6.203,1410,1507
01/16/2014,09:15,6.203,6.218,6.203,6.207,2558,2066
01/16/2014,09:30,6.207,6.221,6.205,6.211,1351,1264
01/16/2014,09:45,6.209,6.209,6.186,6.190,1904,2803
01/16/2014,10:00,6.190,6.200,6.183,6.192,2011,1912
01/16/2014,10:15,6.193,6.209,6.192,6.199,2325,1935
01/16/2014,10:30,6.199,6.200,6.183,6.189,1772,2049
01/16/2014,10:45,6.189,6.189,6.084,6.129,14899,17353
01/16/2014,11:00,6.130,6.140,6.093,6.136,5048,4866
01/16/2014,11:15,6.136,6.173,6.130,6.165,5288,4199
01/16/2014,11:30,6.164,6.180,6.155,6.171,3965,3672
01/16/2014,11:45,6.170,6.201,6.148,6.188,6877,5362
01/16/2014,12:00,6.188,6.212,6.182,6.204,2848,2099
01/16/2014,12:15,6.204,6.213,6.201,6.205,1598,1144
01/16/2014,12:30,6.205,6.209,6.184,6.196,1703,1914
01/16/2014,12:45,6.195,6.196,6.098,6.115,6912,8658
01/16/2014,13:00,6.115,6.133,6.083,6.098,4483,4540
01/16/2014,13:15,6.097,6.119,6.096,6.108,2193,1693
01/16/2014,13:30,6.108,6.120,6.070,6.083,3003,4040
01/16/2014,13:45,6.082,6.129,6.082,6.120,3890,2631
01/16/2014,14:00,6.120,6.144,6.107,6.131,3051,2596
01/16/2014,14:15,6.131,6.132,6.086,6.118,2763,3386
01/16/2014,14:30,6.117,6.135,6.098,6.113,2963,3428
01/16/2014,14:45,6.113,6.124,6.106,6.123,677,441
01/16/2014,15:00,6.122,6.125,6.111,6.114,287,323
01/16/2014,15:15,6.115,6.124,6.112,6.122,483,363
01/16/2014,15:30,6.123,6.127,6.114,6.124,623,615
01/16/2014,15:45,6.124,6.127,6.107,6.107,362,743
01/16/2014,16:00,6.107,6.113,6.098,6.099,161,369
01/16/2014,16:15,6.098,6.110,6.097,6.103,143,171
01/16/2014,16:30,6.103,6.104,6.096,6.096,37,104
01/16/2014,16:45,6.097,6.109,6.096,6.105,138,52
01/16/2014,17:00,6.107,6.108,6.095,6.095,28,127
01/16/2014,18:15,6.096,6.096,6.086,6.091,31,50
01/16/2014,18:30,6.090,6.094,6.077,6.086,71,74
01/16/2014,18:45,6.086,6.091,6.085,6.085,4,18
01/16/2014,19:00,6.084,6.091,6.083,6.091,21,50
01/16/2014,19:15,6.088,6.091,6.086,6.091,3,16
01/16/2014,19:30,6.093,6.093,6.090,6.091,4,7
01/16/2014,19:45,6.090,6.095,6.090,6.092,16,5
01/16/2014,20:00,6.092,6.099,6.092,6.099,30,4
01/16/2014,20:15,6.097,6.100,6.096,6.099,8,8
01/16/2014,20:30,6.100,6.101,6.098,6.098,23,11
01/16/2014,20:45,6.098,6.100,6.098,6.100,1,2
01/16/2014,21:00,6.100,6.100,6.099,6.099,3,2
01/16/2014,21:15,6.098,6.099,6.097,6.099,5,6
01/16/2014,21:30,6.098,6.100,6.097,6.099,7,29
01/16/2014,21:45,6.100,6.100,6.099,6.099,1,2
01/16/2014,22:00,6.100,6.100,6.099,6.100,6,2
01/16/2014,22:15,6.101,6.101,6.099,6.099,1,6
01/16/2014,22:30,6.098,6.102,6.098,6.102,16,3
01/16/2014,22:45,6.104,6.109,6.104,6.106,23,14
01/16/2014,23:00,6.106,6.109,6.106,6.108,18,6
01/16/2014,23:15,6.108,6.109,6.105,6.105,29,23
01/16/2014,23:30,6.105,6.106,6.100,6.100,10,20
01/16/2014,23:45,6.100,6.102,6.097,6.097,38,24
01/17/2014,00:00,6.097,6.098,6.081,6.090,75,205
01/17/2014,00:15,6.087,6.090,6.084,6.084,18,39
01/17/2014,00:30,6.084,6.090,6.084,6.090,33,2
01/17/2014,00:45,6.090,6.092,6.088,6.091,35,19
01/17/2014,01:00,6.091,6.091,6.089,6.090,22,18
01/17/2014,01:15,6.091,6.101,6.091,6.094,154,90
01/17/2014,01:30,6.093,6.097,6.091,6.097,62,47
01/17/2014,01:45,6.091,6.098,6.091,6.094,63,98
01/17/2014,02:00,6.094,6.097,6.094,6.096,16,14
01/17/2014,02:15,6.091,6.094,6.084,6.086,10,23
01/17/2014,02:30,6.085,6.087,6.085,6.086,16,11
01/17/2014,02:45,6.087,6.087,6.083,6.083,8,18
01/17/2014,03:00,6.084,6.084,6.082,6.082,10,6
01/17/2014,03:15,6.084,6.094,6.083,6.090,99,92
01/17/2014,03:30,6.090,6.090,6.084,6.084,2,37
01/17/2014,03:45,6.085,6.086,6.085,6.085,62,19
01/17/2014,04:00,6.084,6.086,6.084,6.085,12,10
01/17/2014,04:15,6.086,6.091,6.084,6.084,67,39
01/17/2014,04:30,6.086,6.088,6.083,6.085,30,25
01/17/2014,04:45,6.085,6.091,6.082,6.083,64,105
01/17/2014,05:00,6.084,6.090,6.084,6.090,27,3
01/17/2014,05:15,6.090,6.092,6.086,6.088,48,32
01/17/2014,05:30,6.087,6.089,6.063,6.064,281,549
01/17/2014,05:45,6.065,6.069,6.057,6.060,349,375
01/17/2014,06:00,6.059,6.065,6.058,6.064,213,67
01/17/2014,06:15,6.064,6.075,6.063,6.071,214,77
01/17/2014,06:30,6.070,6.092,6.065,6.090,399,187
01/17/2014,06:45,6.092,6.092,6.065,6.069,192,449
01/17/2014,07:00,6.068,6.081,6.065,6.078,212,156
01/17/2014,07:15,6.078,6.079,6.066,6.069,83,216
01/17/2014,07:30,6.068,6.085,6.066,6.084,470,380
01/17/2014,07:45,6.083,6.089,6.071,6.077,291,511
01/17/2014,08:00,6.075,6.084,6.073,6.075,329,304
01/17/2014,08:15,6.075,6.077,6.057,6.071,466,771
01/17/2014,08:30,6.070,6.076,6.051,6.071,932,1207
01/17/2014,08:45,6.070,6.089,6.067,6.068,876,728
01/17/2014,09:00,6.069,6.071,6.055,6.059,881,1067
01/17/2014,09:15,6.058,6.066,6.041,6.060,1873,2296
01/17/2014,09:30,6.060,6.061,6.038,6.052,1888,2211
01/17/2014,09:45,6.052,6.074,6.052,6.062,1547,1222
01/17/2014,10:00,6.062,6.078,6.062,6.076,1026,1109
01/17/2014,10:15,6.077,6.080,6.055,6.065,1188,1339
01/17/2014,10:30,6.064,6.075,6.063,6.068,578,544
01/17/2014,10:45,6.068,6.072,6.061,6.068,374,429
01/17/2014,11:00,6.068,6.070,6.055,6.058,523,884
01/17/2014,11:15,6.058,6.062,6.050,6.056,963,1232
01/17/2014,11:30,6.056,6.056,6.029,6.041,1988,2263
01/17/2014,11:45,6.041,6.069,6.040,6.065,2064,1685
01/17/2014,12:00,6.065,6.065,6.044,6.051,662,869
01/17/2014,12:15,6.051,6.062,6.041,6.042,744,976
01/17/2014,12:30,6.041,6.057,6.037,6.047,913,1051
01/17/2014,12:45,6.048,6.058,6.043,6.051,1132,1245
01/17/2014,13:00,6.051,6.057,6.039,6.042,1033,1207
01/17/2014,13:15,6.041,6.047,6.025,6.031,1375,1833
01/17/2014,13:30,6.031,6.038,6.023,6.036,1167,1017
01/17/2014,13:45,6.035,6.053,6.024,6.049,1618,1410
01/17/2014,14:00,6.048,6.073,6.041,6.065,2890,2603
01/17/2014,14:15,6.064,6.111,6.063,6.086,4844,3404
01/17/2014,14:30,6.087,6.094,6.050,6.054,2874,3241
01/17/2014,14:45,6.055,6.058,6.051,6.053,669,914
01/17/2014,15:00,6.054,6.058,6.049,6.057,459,377
01/17/2014,15:15,6.057,6.059,6.049,6.053,425,371
01/17/2014,15:30,6.052,6.052,6.033,6.040,300,534
01/17/2014,15:45,6.040,6.044,6.031,6.034,312,440
01/17/2014,16:00,6.033,6.034,6.026,6.027,325,557
01/17/2014,16:15,6.026,6.028,6.022,6.026,157,252
01/17/2014,16:30,6.025,6.026,6.019,6.025,65,144
01/17/2014,16:45,6.025,6.025,6.022,6.024,19,47
01/17/2014,17:00,6.024,6.026,6.023,6.023,26,16
01/19/2014,18:15,5.962,5.966,5.929,5.938,445,1013
01/19/2014,18:30,5.940,5.946,5.938,5.940,78,81
01/19/2014,18:45,5.940,5.963,5.940,5.960,104,65
01/19/2014,19:00,5.961,5.976,5.958,5.976,437,82
01/19/2014,19:15,5.975,5.975,5.961,5.967,36,121
01/19/2014,19:30,5.967,5.983,5.966,5.977,88,20
01/19/2014,19:45,5.980,5.980,5.976,5.976,4,19
01/19/2014,20:00,5.977,5.979,5.967,5.967,21,70
01/19/2014,20:15,5.966,5.977,5.966,5.975,90,34
01/19/2014,20:30,5.971,5.972,5.970,5.971,7,9
01/19/2014,20:45,5.969,5.973,5.968,5.970,1,7
01/19/2014,21:00,5.971,5.972,5.971,5.971,2,1
01/19/2014,21:15,5.971,5.977,5.971,5.976,15,15
01/19/2014,21:30,5.977,5.980,5.977,5.980,72,0
01/19/2014,21:45,5.979,5.979,5.978,5.979,1,7
01/19/2014,22:15,5.979,5.979,5.979,5.979,2,0
01/19/2014,22:30,5.979,5.980,5.978,5.979,3,7
01/19/2014,22:45,5.978,5.980,5.977,5.978,2,8
01/19/2014,23:00,5.977,5.980,5.977,5.980,2,1
01/19/2014,23:15,5.981,5.986,5.981,5.985,54,9
01/19/2014,23:30,5.986,5.989,5.985,5.989,50,17
01/19/2014,23:45,5.990,6.001,5.990,5.995,90,61
01/20/2014,00:00,5.994,5.996,5.982,5.982,28,77
01/20/2014,00:15,5.981,5.991,5.981,5.990,17,7
01/20/2014,00:30,5.988,5.992,5.988,5.990,7,3
01/20/2014,00:45,5.991,5.998,5.991,5.994,29,16
01/20/2014,01:00,5.995,6.001,5.994,6.001,72,10
01/20/2014,01:15,6.000,6.006,6.000,6.006,85,32
01/20/2014,01:30,6.006,6.006,5.998,5.999,82,67
01/20/2014,01:45,5.998,5.999,5.991,5.998,109,97
01/20/2014,02:00,5.999,6.003,5.998,5.999,35,13
01/20/2014,02:15,5.998,6.002,5.997,5.999,2,4
01/20/2014,02:30,5.999,6.005,5.997,6.005,69,27
01/20/2014,02:45,6.005,6.005,5.999,5.999,7,19
01/20/2014,03:00,5.997,6.003,5.997,6.003,13,6
01/20/2014,03:15,6.003,6.003,5.997,5.997,4,17
01/20/2014,03:30,5.999,6.001,5.986,5.990,67,143
01/20/2014,03:45,5.991,5.991,5.986,5.989,24,25
01/20/2014,04:00,5.990,5.994,5.990,5.993,14,7
01/20/2014,04:15,5.993,6.004,5.993,6.000,48,26
01/20/2014,04:30,6.000,6.004,5.999,6.001,32,15
01/20/2014,04:45,6.000,6.001,5.998,5.998,8,21
01/20/2014,05:00,6.000,6.004,5.998,6.004,20,11
01/20/2014,05:15,6.004,6.006,6.001,6.001,92,19
01/20/2014,05:30,6.002,6.004,6.001,6.004,7,1
01/20/2014,05:45,6.004,6.006,6.003,6.006,72,3
01/20/2014,06:00,6.005,6.005,5.984,5.988,67,170
01/20/2014,06:15,5.989,5.999,5.989,5.994,76,17
01/20/2014,06:30,5.995,6.002,5.995,6.000,58,14
01/20/2014,06:45,6.000,6.005,5.998,6.004,30,15
01/20/2014,07:00,6.002,6.002,5.992,5.994,12,50
01/20/2014,07:15,5.994,6.002,5.994,6.002,72,36
01/20/2014,07:30,6.002,6.003,6.000,6.003,28,6
01/20/2014,07:45,6.004,6.004,5.995,5.998,37,44
01/20/2014,08:00,5.998,6.000,5.996,5.996,21,13
01/20/2014,08:15,5.996,6.006,5.996,6.004,133,32
01/20/2014,08:30,6.004,6.027,6.003,6.018,604,293
01/20/2014,08:45,6.017,6.017,6.004,6.016,131,228
01/20/2014,09:00,6.017,6.019,6.011,6.015,63,75
01/20/2014,09:15,6.015,6.020,5.993,5.995,380,547
01/20/2014,09:30,5.993,5.994,5.975,5.978,416,416
01/20/2014,09:45,5.979,5.993,5.977,5.986,269,230
01/20/2014,10:00,5.987,6.000,5.985,5.998,157,137
01/20/2014,10:15,5.997,6.007,5.997,6.001,134,178
01/20/2014,10:30,6.001,6.001,5.990,5.998,141,176
01/20/2014,10:45,5.998,6.000,5.976,5.981,320,653
01/20/2014,11:00,5.981,5.984,5.965,5.970,228,486
01/20/2014,11:15,5.970,5.995,5.966,5.986,619,392
01/20/2014,11:30,5.988,5.990,5.981,5.987,77,133
01/20/2014,11:45,5.987,5.993,5.986,5.992,94,35
01/20/2014,12:00,5.993,5.997,5.992,5.996,77,87
01/20/2014,12:15,5.997,6.000,5.994,5.994,67,76
01/20/2014,12:30,5.995,5.999,5.992,5.997,105,62
01/20/2014,12:45,5.998,6.002,5.987,5.990,72,129
01/20/2014,13:00,5.989,5.991,5.988,5.990,37,10
01/20/2014,13:15,5.991,5.998,5.989,5.989,106,73
01/20/2014,18:15,5.997,6.005,5.991,6.001,29,23
01/20/2014,18:30,6.002,6.021,6.002,6.018,116,14
01/20/2014,18:45,6.017,6.019,6.016,6.018,21,41
01/20/2014,19:00,6.019,6.020,6.019,6.019,4,7
01/20/2014,19:15,6.019,6.019,6.017,6.017,1,14
01/20/2014,19:30,6.016,6.017,6.016,6.017,4,6
01/20/2014,19:45,6.016,6.023,6.016,6.021,82,14
01/20/2014,20:00,6.021,6.039,6.021,6.038,209,79
01/20/2014,20:15,6.038,6.046,6.038,6.044,150,74
01/20/2014,20:30,6.041,6.041,6.027,6.028,36,114
01/20/2014,20:45,6.030,6.030,6.026,6.028,31,23
01/20/2014,21:00,6.028,6.029,6.022,6.023,34,36
01/20/2014,21:15,6.025,6.026,6.025,6.025,3,9
01/20/2014,21:30,6.025,6.030,6.025,6.028,26,22
01/20/2014,21:45,6.028,6.028,6.026,6.028,14,1
01/20/2014,22:00,6.026,6.029,6.026,6.026,8,8
01/20/2014,22:15,6.024,6.032,6.023,6.032,51,22
01/20/2014,22:30,6.031,6.031,6.030,6.030,0,3
01/20/2014,22:45,6.032,6.033,6.031,6.033,7,1
01/20/2014,23:00,6.032,6.034,6.032,6.034,10,2
01/20/2014,23:15,6.032,6.034,6.031,6.033,15,17
01/20/2014,23:30,6.033,6.033,6.029,6.031,4,18
01/20/2014,23:45,6.030,6.031,6.027,6.029,24,21
01/21/2014,00:00,6.027,6.034,6.025,6.034,85,56
01/21/2014,00:15,6.034,6.045,6.034,6.041,88,19
01/21/2014,00:30,6.041,6.043,6.037,6.037,8,52
01/21/2014,00:45,6.039,6.039,6.038,6.039,7,3
01/21/2014,01:00,6.039,6.039,6.036,6.036,21,15
01/21/2014,01:15,6.039,6.042,6.036,6.041,26,22
01/21/2014,01:30,6.043,6.045,6.038,6.041,51,42
01/21/2014,01:45,6.041,6.044,6.041,6.042,27,8
01/21/2014,02:00,6.041,6.043,6.041,6.043,12,4
01/21/2014,02:15,6.040,6.042,6.040,6.042,2,1
01/21/2014,02:30,6.040,6.041,6.034,6.041,15,27
01/21/2014,02:45,6.039,6.039,6.035,6.035,11,14
01/21/2014,03:00,6.037,6.038,6.035,6.037,15,2
01/21/2014,03:15,6.036,6.044,6.036,6.043,48,16
01/21/2014,03:30,6.043,6.045,6.040,6.042,56,22
01/21/2014,03:45,6.042,6.045,6.035,6.036,32,45
01/21/2014,04:00,6.036,6.036,6.030,6.033,84,115
01/21/2014,04:15,6.032,6.035,6.030,6.033,97,67
01/21/2014,04:30,6.034,6.035,6.034,6.035,11,0
01/21/2014,04:45,6.035,6.042,6.031,6.036,99,61
01/21/2014,05:00,6.037,6.038,6.031,6.033,22,20
01/21/2014,05:15,6.033,6.036,6.032,6.036,23,6
01/21/2014,05:30,6.037,6.054,6.036,6.052,246,119
01/21/2014,05:45,6.053,6.063,6.053,6.059,222,173
01/21/2014,06:00,6.060,6.067,6.056,6.066,249,179
01/21/2014,06:15,6.066,6.071,6.061,6.066,157,239
01/21/2014,06:30,6.066,6.075,6.065,6.075,198,85
01/21/2014,06:45,6.075,6.085,6.074,6.084,401,188
01/21/2014,07:00,6.084,6.084,6.081,6.083,65,245
01/21/2014,07:15,6.082,6.088,6.082,6.086,253,138
01/21/2014,07:30,6.085,6.094,6.082,6.090,236,290
01/21/2014,07:45,6.091,6.093,6.084,6.089,179,108
01/21/2014,08:00,6.088,6.090,6.074,6.078,223,447
01/21/2014,08:15,6.077,6.090,6.075,6.087,512,285
01/21/2014,08:30,6.088,6.100,6.086,6.091,624,358
01/21/2014,08:45,6.094,6.106,6.088,6.097,1263,754
01/21/2014,09:00,6.098,6.114,6.090,6.112,1348,1026
01/21/2014,09:15,6.112,6.129,6.109,6.120,2360,2006
01/21/2014,09:30,6.119,6.150,6.118,6.150,2473,1573
01/21/2014,09:45,6.149,6.165,6.139,6.162,2331,2180
01/21/2014,10:00,6.162,6.173,6.148,6.152,1983,2053
01/21/2014,10:15,6.152,6.161,6.144,6.148,1523,1194
01/21/2014,10:30,6.149,6.155,6.144,6.149,1181,1136
01/21/2014,10:45,6.150,6.158,6.146,6.149,1170,785
01/21/2014,11:00,6.149,6.150,6.125,6.134,1621,1988
01/21/2014,11:15,6.134,6.155,6.134,6.145,1838,1812
01/21/2014,11:30,6.145,6.150,6.140,6.149,969,945
01/21/2014,11:45,6.147,6.149,6.138,6.141,1313,1233
01/21/2014,12:00,6.141,6.146,6.113,6.116,1644,2409
01/21/2014,12:15,6.116,6.142,6.116,6.141,2359,1547
01/21/2014,12:30,6.141,6.150,6.132,6.138,1354,1226
01/21/2014,12:45,6.138,6.140,6.106,6.118,2119,2684
01/21/2014,13:00,6.118,6.140,6.117,6.132,2127,1347
01/21/2014,13:15,6.132,6.136,6.124,6.133,770,602
01/21/2014,13:30,6.133,6.136,6.119,6.127,786,947
01/21/2014,13:45,6.126,6.146,6.121,6.142,1011,762
01/21/2014,14:00,6.141,6.151,6.134,6.137,1689,1377
01/21/2014,14:15,6.137,6.144,6.129,6.138,948,1431
01/21/2014,14:30,6.137,6.161,6.137,6.156,3529,3328
01/21/2014,14:45,6.155,6.157,6.150,6.155,701,624
01/21/2014,15:00,6.154,6.160,6.154,6.159,406,179
01/21/2014,15:15,6.160,6.160,6.154,6.159,340,274
01/21/2014,15:30,6.160,6.164,6.157,6.160,518,323
01/21/2014,15:45,6.160,6.164,6.158,6.162,407,405
01/21/2014,16:00,6.162,6.168,6.161,6.164,464,259
01/21/2014,16:15,6.164,6.186,6.161,6.182,493,275
01/21/2014,16:30,6.182,6.201,6.182,6.199,487,162
01/21/2014,16:45,6.201,6.201,6.190,6.192,84,260
01/21/2014,17:00,6.192,6.194,6.188,6.192,49,78
01/21/2014,18:15,6.196,6.196,6.182,6.183,39,70
01/21/2014,18:30,6.182,6.184,6.168,6.182,69,75
01/21/2014,18:45,6.183,6.186,6.183,6.186,21,12
01/21/2014,19:00,6.187,6.189,6.187,6.189,28,12
01/21/2014,19:15,6.189,6.189,6.183,6.184,9,27
01/21/2014,19:30,6.184,6.187,6.183,6.185,13,25
01/21/2014,19:45,6.186,6.187,6.186,6.186,7,13
01/21/2014,20:00,6.186,6.196,6.186,6.191,81,23
01/21/2014,20:15,6.190,6.196,6.190,6.195,15,3
01/21/2014,20:30,6.194,6.200,6.193,6.199,66,53
01/21/2014,20:45,6.199,6.200,6.194,6.194,8,54
01/21/2014,21:00,6.194,6.200,6.194,6.198,12,9
01/21/2014,21:15,6.198,6.200,6.198,6.200,12,4
01/21/2014,21:30,6.200,6.200,6.199,6.200,15,1
01/21/2014,21:45,6.200,6.202,6.198,6.202,84,13
01/21/2014,22:00,6.201,6.204,6.201,6.203,47,48
01/21/2014,22:15,6.202,6.212,6.201,6.209,207,142
01/21/2014,22:30,6.209,6.209,6.202,6.202,13,70
01/21/2014,22:45,6.203,6.204,6.203,6.204,4,0
01/21/2014,23:00,6.205,6.206,6.201,6.201,5,27
01/21/2014,23:15,6.201,6.203,6.201,6.202,6,9
01/21/2014,23:30,6.203,6.203,6.198,6.199,12,39
01/21/2014,23:45,6.199,6.202,6.197,6.197,63,79
01/22/2014,00:00,6.197,6.198,6.190,6.191,56,88
01/22/2014,00:15,6.192,6.194,6.190,6.190,9,1
01/22/2014,00:30,6.191,6.194,6.191,6.194,13,4
01/22/2014,00:45,6.195,6.197,6.194,6.194,18,15
01/22/2014,01:00,6.194,6.194,6.187,6.190,15,30
01/22/2014,01:15,6.190,6.191,6.184,6.189,27,101
01/22/2014,01:30,6.188,6.191,6.187,6.189,16,10
01/22/2014,01:45,6.188,6.190,6.188,6.190,6,1
01/22/2014,02:00,6.189,6.189,6.159,6.171,129,360
01/22/2014,02:15,6.173,6.179,6.169,6.173,55,48
01/22/2014,02:30,6.173,6.177,6.173,6.173,15,33
01/22/2014,02:45,6.174,6.186,6.174,6.184,69,12
01/22/2014,03:00,6.184,6.189,6.184,6.186,14,6
01/22/2014,03:15,6.185,6.189,6.177,6.182,36,44
01/22/2014,03:30,6.183,6.189,6.181,6.181,35,18
01/22/2014,03:45,6.183,6.195,6.181,6.195,137,22
01/22/2014,04:00,6.195,6.207,6.192,6.198,139,69
01/22/2014,04:15,6.197,6.224,6.195,6.221,457,109
01/22/2014,04:30,6.221,6.227,6.221,6.225,213,100
01/22/2014,04:45,6.226,6.227,6.215,6.218,41,64
01/22/2014,05:00,6.219,6.222,6.216,6.219,40,42
01/22/2014,05:15,6.217,6.222,6.217,6.219,50,22
01/22/2014,05:30,6.218,6.221,6.215,6.220,42,33
01/22/2014,05:45,6.220,6.220,6.205,6.215,59,125
01/22/2014,06:00,6.216,6.234,6.215,6.230,277,155
01/22/2014,06:15,6.229,6.229,6.222,6.223,54,67
01/22/2014,06:30,6.224,6.233,6.217,6.230,142,143
01/22/2014,06:45,6.230,6.242,6.228,6.238,492,246
01/22/2014,07:00,6.238,6.245,6.237,6.241,273,129
01/22/2014,07:15,6.242,6.245,6.240,6.243,149,122
01/22/2014,07:30,6.243,6.245,6.234,6.235,217,286
01/22/2014,07:45,6.234,6.249,6.230,6.246,644,230
01/22/2014,08:00,6.247,6.260,6.246,6.255,1025,813
01/22/2014,08:15,6.255,6.266,6.246,6.261,1032,766
01/22/2014,08:30,6.261,6.301,6.260,6.298,3083,2086
01/22/2014,08:45,6.297,6.316,6.285,6.313,2308,1905
01/22/2014,09:00,6.313,6.336,6.309,6.320,2495,2445
01/22/2014,09:15,6.320,6.351,6.304,6.309,4784,4549
01/22/2014,09:30,6.309,6.326,6.300,6.318,2886,2519
01/22/2014,09:45,6.317,6.317,6.300,6.312,2091,2115
01/22/2014,10:00,6.312,6.336,6.307,6.333,2296,1732
01/22/2014,10:15,6.334,6.341,6.322,6.331,2402,2552
01/22/2014,10:30,6.332,6.354,6.332,6.337,2893,2875
01/22/2014,10:45,6.337,6.340,6.319,6.336,1776,2216
01/22/2014,11:00,6.336,6.351,6.335,6.343,1425,1129
01/22/2014,11:15,6.344,6.372,6.343,6.360,3045,2454
01/22/2014,11:30,6.360,6.374,6.352,6.354,1527,1726
01/22/2014,11:45,6.354,6.363,6.336,6.353,2118,2708
01/22/2014,12:00,6.354,6.354,6.340,6.349,1073,1130
01/22/2014,12:15,6.349,6.368,6.345,6.367,2227,1617
01/22/2014,12:30,6.367,6.382,6.365,6.370,1979,1792
01/22/2014,12:45,6.370,6.395,6.361,6.392,2902,2151
01/22/2014,13:00,6.392,6.409,6.384,6.408,1994,1606
01/22/2014,13:15,6.408,6.410,6.396,6.400,1494,1405
01/22/2014,13:30,6.401,6.420,6.393,6.416,2645,1918
01/22/2014,13:45,6.416,6.421,6.392,6.397,1791,2283
01/22/2014,14:00,6.396,6.400,6.378,6.383,2704,2363
01/22/2014,14:15,6.384,6.406,6.383,6.406,2030,1350
01/22/2014,14:30,6.405,6.419,6.394,6.418,4238,3221
01/22/2014,14:45,6.418,6.419,6.411,6.416,973,855
01/22/2014,15:00,6.415,6.434,6.414,6.430,1180,641
01/22/2014,15:15,6.431,6.450,6.430,6.444,1067,903
01/22/2014,15:30,6.443,6.451,6.431,6.447,643,597
01/22/2014,15:45,6.447,6.449,6.442,6.446,309,322
01/22/2014,16:00,6.445,6.447,6.428,6.431,363,668
01/22/2014,16:15,6.431,6.433,6.428,6.431,122,199
01/22/2014,16:30,6.431,6.431,6.425,6.425,50,144
01/22/2014,16:45,6.426,6.439,6.425,6.432,134,159
01/22/2014,17:00,6.431,6.434,6.428,6.428,68,88
01/22/2014,18:15,6.425,6.426,6.418,6.424,36,13
01/22/2014,18:30,6.424,6.426,6.418,6.425,39,27
01/22/2014,18:45,6.425,6.425,6.417,6.422,7,15
01/22/2014,19:00,6.421,6.421,6.419,6.420,4,13
01/22/2014,19:15,6.418,6.424,6.411,6.411,35,73
01/22/2014,19:30,6.411,6.412,6.411,6.412,6,2
01/22/2014,19:45,6.414,6.423,6.413,6.420,72,11
01/22/2014,20:00,6.421,6.423,6.421,6.423,3,0
01/22/2014,20:15,6.424,6.434,6.423,6.433,115,12
01/22/2014,20:30,6.432,6.435,6.432,6.435,16,4
01/22/2014,20:45,6.435,6.446,6.435,6.441,53,24
01/22/2014,21:00,6.444,6.453,6.444,6.449,75,53
01/22/2014,21:15,6.450,6.450,6.436,6.441,47,72
01/22/2014,21:30,6.441,6.441,6.428,6.436,28,23
01/22/2014,21:45,6.434,6.437,6.431,6.435,14,7
01/22/2014,22:00,6.436,6.441,6.435,6.437,19,24
01/22/2014,22:15,6.438,6.446,6.438,6.445,19,12
01/22/2014,22:30,6.445,6.445,6.443,6.445,5,8
01/22/2014,22:45,6.448,6.451,6.447,6.447,13,14
01/22/2014,23:00,6.447,6.449,6.446,6.447,15,13
01/22/2014,23:15,6.447,6.450,6.443,6.448,29,88
01/22/2014,23:30,6.449,6.458,6.449,6.456,134,50
01/22/2014,23:45,6.455,6.465,6.455,6.461,141,99
01/23/2014,00:00,6.460,6.461,6.457,6.459,17,21
01/23/2014,00:15,6.460,6.464,6.460,6.463,24,26
01/23/2014,00:30,6.463,6.465,6.463,6.463,16,24
01/23/2014,00:45,6.462,6.479,6.462,6.472,474,132
01/23/2014,01:00,6.472,6.479,6.467,6.479,48,48
01/23/2014,01:15,6.478,6.485,6.474,6.481,138,110
01/23/2014,01:30,6.480,6.488,6.479,6.488,66,43
01/23/2014,01:45,6.488,6.492,6.484,6.484,108,73
01/23/2014,02:00,6.484,6.491,6.483,6.486,23,28
01/23/2014,02:15,6.485,6.485,6.465,6.470,34,96
01/23/2014,02:30,6.469,6.469,6.461,6.463,16,33
01/23/2014,02:45,6.464,6.481,6.463,6.478,174,73
01/23/2014,03:00,6.478,6.478,6.471,6.473,31,52
01/23/2014,03:15,6.473,6.475,6.465,6.467,24,42
01/23/2014,03:30,6.469,6.483,6.464,6.483,68,9
01/23/2014,03:45,6.482,6.499,6.476,6.495,219,146
01/23/2014,04:00,6.497,6.498,6.493,6.493,69,63
01/23/2014,04:15,6.493,6.496,6.483,6.496,75,124
01/23/2014,04:30,6.496,6.498,6.487,6.487,16,22
01/23/2014,04:45,6.486,6.501,6.483,6.495,128,61
01/23/2014,05:00,6.496,6.507,6.489,6.504,159,78
01/23/2014,05:15,6.504,6.521,6.503,6.521,456,195
01/23/2014,05:30,6.520,6.523,6.520,6.521,84,123
01/23/2014,05:45,6.520,6.625,6.520,6.611,2557,745
01/23/2014,06:00,6.610,6.612,6.589,6.602,291,349
01/23/2014,06:15,6.602,6.605,6.577,6.579,226,367
01/23/2014,06:30,6.578,6.596,6.576,6.592,188,89
01/23/2014,06:45,6.589,6.594,6.579,6.583,91,166
01/23/2014,07:00,6.583,6.588,6.580,6.584,189,111
01/23/2014,07:15,6.585,6.586,6.577,6.586,108,110
01/23/2014,07:30,6.585,6.604,6.584,6.593,333,208
01/23/2014,07:45,6.594,6.620,6.594,6.613,652,367
01/23/2014,08:00,6.613,6.648,6.609,6.642,1979,1046
01/23/2014,08:15,6.643,6.673,6.641,6.653,2246,2260
01/23/2014,08:30,6.655,6.656,6.641,6.648,1028,1050
01/23/2014,08:45,6.648,6.649,6.632,6.640,1178,1504
01/23/2014,09:00,6.641,6.644,6.605,6.606,1570,1979
01/23/2014,09:15,6.606,6.608,6.543,6.585,5991,6677
01/23/2014,09:30,6.585,6.594,6.564,6.565,1736,2205
01/23/2014,09:45,6.565,6.571,6.527,6.555,3787,3682
01/23/2014,10:00,6.555,6.580,6.546,6.558,1691,1946
01/23/2014,10:15,6.558,6.570,6.540,6.541,1580,1556
01/23/2014,10:30,6.541,6.557,6.494,6.557,3032,3720
01/23/2014,10:45,6.553,6.612,6.547,6.566,9167,9269
01/23/2014,11:00,6.565,6.603,6.552,6.601,3779,3123
01/23/2014,11:15,6.601,6.603,6.518,6.523,5331,6495
01/23/2014,11:30,6.523,6.536,6.492,6.531,3570,3788
01/23/2014,11:45,6.531,6.536,6.482,6.529,4178,4379
01/23/2014,12:00,6.527,6.548,6.519,6.540,1716,1399
01/23/2014,12:15,6.541,6.542,6.502,6.516,1130,1514
01/23/2014,12:30,6.515,6.519,6.482,6.507,1537,1625
01/23/2014,12:45,6.508,6.531,6.508,6.517,1392,1107
01/23/2014,13:00,6.517,6.519,6.494,6.505,618,928
01/23/2014,13:15,6.506,6.512,6.494,6.505,860,866
01/23/2014,13:30,6.504,6.508,6.482,6.496,1007,945
01/23/2014,13:45,6.496,6.510,6.491,6.493,654,490
01/23/2014,14:00,6.493,6.514,6.486,6.503,1221,1081
01/23/2014,14:15,6.504,6.521,6.489,6.510,1314,1031
01/23/2014,14:30,6.509,6.520,6.435,6.458,4312,4450
01/23/2014,14:45,6.459,6.461,6.421,6.428,1127,1289
01/23/2014,15:00,6.428,6.429,6.379,6.424,1885,1831
01/23/2014,15:15,6.424,6.441,6.419,6.431,496,536
01/23/2014,15:30,6.433,6.456,6.431,6.455,719,375
01/23/2014,15:45,6.455,6.486,6.446,6.483,908,505
01/23/2014,16:00,6.483,6.539,6.483,6.524,1532,745
01/23/2014,16:15,6.525,6.542,6.518,6.541,671,528
01/23/2014,16:30,6.540,6.561,6.539,6.546,558,374
01/23/2014,16:45,6.546,6.550,6.542,6.546,129,176
01/23/2014,17:00,6.549,6.560,6.546,6.553,141,186
01/23/2014,18:15,6.561,6.567,6.552,6.552,68,49
01/23/2014,18:30,6.553,6.559,6.553,6.555,10,8
01/23/2014,18:45,6.554,6.554,6.540,6.540,31,67
01/23/2014,19:00,6.541,6.555,6.539,6.555,47,12
01/23/2014,19:15,6.554,6.563,6.554,6.560,16,15
01/23/2014,19:30,6.562,6.562,6.555,6.555,1,8
01/23/2014,19:45,6.554,6.554,6.548,6.550,2,15
01/23/2014,20:00,6.549,6.553,6.549,6.553,37,5
01/23/2014,20:15,6.553,6.569,6.553,6.565,141,69
01/23/2014,20:30,6.565,6.575,6.563,6.574,70,9
01/23/2014,20:45,6.574,6.576,6.566,6.575,127,24
01/23/2014,21:00,6.573,6.576,6.573,6.576,16,13
01/23/2014,21:15,6.575,6.599,6.574,6.594,183,110
01/23/2014,21:30,6.594,6.602,6.593,6.601,99,90
01/23/2014,21:45,6.600,6.613,6.600,6.607,258,70
01/23/2014,22:00,6.608,6.616,6.606,6.613,108,38
01/23/2014,22:15,6.614,6.622,6.601,6.601,171,202
01/23/2014,22:30,6.602,6.606,6.598,6.598,41,32
01/23/2014,22:45,6.599,6.599,6.593,6.596,12,47
01/23/2014,23:00,6.597,6.598,6.591,6.596,35,25
01/23/2014,23:15,6.596,6.599,6.590,6.595,38,56
01/23/2014,23:30,6.596,6.601,6.595,6.599,22,13
01/23/2014,23:45,6.596,6.614,6.595,6.609,63,63
01/24/2014,00:00,6.610,6.613,6.601,6.601,39,58
01/24/2014,00:15,6.599,6.602,6.597,6.599,21,23
01/24/2014,00:30,6.601,6.611,6.594,6.609,30,33
01/24/2014,00:45,6.609,6.609,6.596,6.600,31,56
01/24/2014,01:00,6.600,6.602,6.597,6.602,6,6
01/24/2014,01:15,6.601,6.601,6.599,6.600,1,7
01/24/2014,01:30,6.603,6.607,6.603,6.606,14,3
01/24/2014,01:45,6.606,6.608,6.606,6.608,3,0
01/24/2014,02:00,6.606,6.613,6.605,6.613,23,5
01/24/2014,02:15,6.612,6.615,6.600,6.603,33,55
01/24/2014,02:30,6.604,6.607,6.604,6.605,16,6
01/24/2014,02:45,6.603,6.603,6.599,6.603,7,15
01/24/2014,03:00,6.601,6.604,6.590,6.590,26,48
01/24/2014,03:15,6.590,6.594,6.580,6.587,65,100
01/24/2014,03:30,6.586,6.593,6.583,6.593,39,17
01/24/2014,03:45,6.595,6.609,6.595,6.596,116,57
01/24/2014,04:00,6.594,6.606,6.593,6.602,52,19
01/24/2014,04:15,6.602,6.605,6.598,6.600,31,60
01/24/2014,04:30,6.600,6.604,6.600,6.601,26,30
01/24/2014,04:45,6.602,6.608,6.599,6.599,37,36
01/24/2014,05:00,6.601,6.621,6.601,6.619,139,65
01/24/2014,05:15,6.621,6.625,6.621,6.625,174,31
01/24/2014,05:30,6.625,6.654,6.625,6.646,529,316
01/24/2014,05:45,6.644,6.650,6.642,6.649,140,79
01/24/2014,06:00,6.650,6.699,6.649,6.665,857,543
01/24/2014,06:15,6.669,6.673,6.648,6.673,164,280
01/24/2014,06:30,6.671,6.671,6.657,6.664,52,73
01/24/2014,06:45,6.663,6.722,6.661,6.720,766,364
01/24/2014,07:00,6.720,6.722,6.700,6.705,193,395
01/24/2014,07:15,6.705,6.718,6.692,6.694,250,443
01/24/2014,07:30,6.694,6.706,6.679,6.682,239,507
01/24/2014,07:45,6.683,6.693,6.668,6.676,345,336
01/24/2014,08:00,6.677,6.709,6.674,6.692,770,706
01/24/2014,08:15,6.692,6.695,6.652,6.654,837,1603
01/24/2014,08:30,6.655,6.662,6.642,6.651,1420,1620
01/24/2014,08:45,6.651,6.652,6.614,6.647,2261,2573
01/24/2014,09:00,6.647,6.680,6.640,6.657,2271,2388
01/24/2014,09:15,6.656,6.682,6.648,6.668,2609,2595
01/24/2014,09:30,6.669,6.671,6.646,6.654,1191,1666
01/24/2014,09:45,6.653,6.655,6.623,6.644,2081,2310
01/24/2014,10:00,6.645,6.664,6.638,6.661,1393,1149
01/24/2014,10:15,6.661,6.675,6.645,6.656,2093,2248
01/24/2014,10:30,6.656,6.683,6.654,6.683,2050,1418
01/24/2014,10:45,6.683,6.708,6.669,6.701,2711,2062
01/24/2014,11:00,6.701,6.743,6.698,6.721,5768,4756
01/24/2014,11:15,6.722,6.726,6.703,6.722,2436,2477
01/24/2014,11:30,6.722,6.752,6.713,6.722,2922,2425
01/24/2014,11:45,6.723,6.744,6.719,6.719,2331,2557
01/24/2014,12:00,6.718,6.728,6.703,6.717,1481,1335
01/24/2014,12:15,6.717,6.735,6.716,6.726,1288,1000
01/24/2014,12:30,6.725,6.732,6.711,6.729,973,1274
01/24/2014,12:45,6.730,6.790,6.718,6.779,3953,3172
01/24/2014,13:00,6.780,6.812,6.765,6.799,2919,2850
01/24/2014,13:15,6.800,6.824,6.789,6.811,3751,3470
01/24/2014,13:30,6.812,6.817,6.786,6.790,1667,2233
01/24/2014,13:45,6.790,6.826,6.761,6.818,3537,3059
01/24/2014,14:00,6.818,6.896,6.812,6.866,6279,5538
01/24/2014,14:15,6.867,6.886,6.840,6.880,3478,3281
01/24/2014,14:30,6.881,6.936,6.847,6.934,10095,7501
01/24/2014,14:45,6.935,6.936,6.904,6.912,2997,2265
01/24/2014,15:00,6.913,6.940,6.893,6.938,1446,1398
01/24/2014,15:15,6.939,6.972,6.931,6.950,1395,1222
01/24/2014,15:30,6.949,6.959,6.939,6.953,985,930
01/24/2014,15:45,6.953,6.968,6.921,6.925,767,774
01/24/2014,16:00,6.925,6.933,6.903,6.911,675,879
01/24/2014,16:15,6.911,6.913,6.894,6.899,359,677
01/24/2014,16:30,6.898,6.900,6.873,6.873,139,309
01/24/2014,16:45,6.873,6.878,6.861,6.863,224,279
01/24/2014,17:00,6.864,6.902,6.861,6.900,232,131
01/26/2014,18:15,6.879,7.096,6.873,6.953,2191,2058
01/26/2014,18:30,6.955,7.013,6.950,6.963,349,311
01/26/2014,18:45,6.963,7.016,6.928,6.980,205,165
01/26/2014,19:00,6.989,7.025,6.988,7.020,144,81
01/26/2014,19:15,7.015,7.040,7.015,7.026,161,104
01/26/2014,19:30,7.024,7.039,7.022,7.027,25,59
01/26/2014,19:45,7.030,7.064,7.030,7.061,88,55
01/26/2014,20:00,7.061,7.094,7.051,7.071,316,174
01/26/2014,20:15,7.071,7.078,7.028,7.071,96,195
01/26/2014,20:30,7.071,7.079,7.008,7.016,116,183
01/26/2014,20:45,7.018,7.029,6.983,7.009,164,184
01/26/2014,21:00,7.006,7.039,6.997,7.029,103,40
01/26/2014,21:15,7.035,7.048,7.028,7.035,43,37
01/26/2014,21:30,7.036,7.041,7.031,7.036,11,7
01/26/2014,21:45,7.035,7.070,7.035,7.066,55,7
01/26/2014,22:00,7.066,7.068,7.046,7.048,15,24
01/26/2014,22:15,7.054,7.066,7.051,7.063,26,8
01/26/2014,22:30,7.065,7.082,7.065,7.081,81,22
01/26/2014,22:45,7.086,7.088,7.054,7.066,26,75
01/26/2014,23:00,7.057,7.063,7.035,7.048,36,105
01/26/2014,23:15,7.051,7.075,7.041,7.070,53,48
01/26/2014,23:30,7.068,7.103,7.067,7.089,245,73
01/26/2014,23:45,7.086,7.125,7.086,7.122,370,187
01/27/2014,00:00,7.120,7.139,7.100,7.119,371,349
01/27/2014,00:15,7.121,7.168,7.102,7.149,512,341
01/27/2014,00:30,7.144,7.164,7.122,7.139,246,240
01/27/2014,00:45,7.137,7.137,7.106,7.121,109,235
01/27/2014,01:00,7.122,7.161,7.120,7.160,136,73
01/27/2014,01:15,7.155,7.155,7.127,7.135,37,88
01/27/2014,01:30,7.133,7.138,7.124,7.133,39,44
01/27/2014,01:45,7.133,7.160,7.133,7.160,102,20
01/27/2014,02:00,7.163,7.166,7.149,7.151,32,33
01/27/2014,02:15,7.146,7.146,7.139,7.140,14,22
01/27/2014,02:30,7.141,7.144,7.137,7.137,17,23
01/27/2014,02:45,7.138,7.139,7.113,7.139,113,91
01/27/2014,03:00,7.141,7.147,7.138,7.139,43,15
01/27/2014,03:15,7.139,7.140,7.128,7.130,26,37
01/27/2014,03:30,7.132,7.132,7.106,7.109,44,99
01/27/2014,03:45,7.116,7.117,7.106,7.109,27,51
01/27/2014,04:00,7.109,7.117,7.106,7.111,58,161
01/27/2014,04:15,7.108,7.109,7.060,7.067,105,330
01/27/2014,04:30,7.066,7.104,7.066,7.097,219,147
01/27/2014,04:45,7.092,7.092,7.078,7.078,3,22
01/27/2014,05:00,7.078,7.083,7.062,7.074,221,227
01/27/2014,05:15,7.067,7.072,7.058,7.060,62,88
01/27/2014,05:30,7.060,7.067,7.038,7.055,159,183
01/27/2014,05:45,7.059,7.059,7.038,7.046,14,37
01/27/2014,06:00,7.054,7.057,7.041,7.051,11,17
01/27/2014,06:15,7.054,7.067,7.050,7.051,49,37
01/27/2014,06:30,7.050,7.056,7.050,7.051,18,97
01/27/2014,06:45,7.051,7.054,6.985,7.004,186,555
01/27/2014,07:00,7.003,7.040,6.985,7.034,204,121
01/27/2014,07:15,7.032,7.032,6.987,7.013,180,187
01/27/2014,07:30,7.011,7.011,6.986,6.996,115,221
01/27/2014,07:45,6.993,7.019,6.989,7.009,210,199
01/27/2014,08:00,7.009,7.015,6.989,6.996,317,246
01/27/2014,08:15,6.996,6.996,6.881,6.903,1492,1968
01/27/2014,08:30,6.902,6.907,6.807,6.879,2256,2623
01/27/2014,08:45,6.879,6.886,6.794,6.826,1630,1859
01/27/2014,09:00,6.825,6.829,6.781,6.816,1965,2175
01/27/2014,09:15,6.816,6.821,6.761,6.794,2012,2477
01/27/2014,09:30,6.794,6.825,6.789,6.823,1082,992
01/27/2014,09:45,6.824,6.877,6.812,6.817,2003,2045
01/27/2014,10:00,6.818,6.821,6.776,6.797,1422,1198
01/27/2014,10:15,6.798,6.825,6.753,6.775,1883,2283
01/27/2014,10:30,6.774,6.792,6.764,6.784,1108,982
01/27/2014,10:45,6.784,6.800,6.752,6.800,1199,1168
01/27/2014,11:00,6.799,6.799,6.758,6.760,648,1073
01/27/2014,11:15,6.761,6.768,6.681,6.691,2435,3548
01/27/2014,11:30,6.691,6.734,6.681,6.685,1840,1746
01/27/2014,11:45,6.686,6.706,6.655,6.688,2873,2549
01/27/2014,12:00,6.689,6.703,6.672,6.676,735,865
01/27/2014,12:15,6.677,6.684,6.648,6.663,972,1047
01/27/2014,12:30,6.663,6.665,6.577,6.592,1229,2083
01/27/2014,12:45,6.593,6.610,6.555,6.606,2686,2601
01/27/2014,13:00,6.606,6.685,6.603,6.647,2960,2374
01/27/2014,13:15,6.648,6.749,6.633,6.717,2965,2547
01/27/2014,13:30,6.719,6.765,6.717,6.735,2261,1961
01/27/2014,13:45,6.736,6.761,6.687,6.705,1382,1504
01/27/2014,14:00,6.703,6.772,6.702,6.741,1302,1007
01/27/2014,14:15,6.739,6.740,6.612,6.649,1710,2528
01/27/2014,14:30,6.649,6.666,6.554,6.574,2834,3737
01/27/2014,14:45,6.574,6.618,6.573,6.597,868,879
01/27/2014,15:00,6.597,6.602,6.578,6.591,360,513
01/27/2014,15:15,6.594,6.659,6.590,6.651,638,351
01/27/2014,15:30,6.649,6.653,6.609,6.652,197,279
01/27/2014,15:45,6.650,6.669,6.636,6.668,163,122
01/27/2014,16:00,6.668,6.682,6.627,6.645,326,392
01/27/2014,16:15,6.648,6.674,6.632,6.668,276,305
01/27/2014,16:30,6.668,6.674,6.649,6.654,42,77
01/27/2014,16:45,6.657,6.657,6.637,6.651,77,115
01/27/2014,17:00,6.652,6.655,6.633,6.635,92,67
01/27/2014,18:15,6.620,6.647,6.609,6.647,111,88
01/27/2014,18:30,6.647,6.663,6.642,6.653,51,16
01/27/2014,18:45,6.658,6.669,6.658,6.665,33,6
01/27/2014,19:00,6.667,6.684,6.644,6.646,57,52
01/27/2014,19:15,6.646,6.652,6.603,6.611,41,109
01/27/2014,19:30,6.610,6.610,6.600,6.601,25,76
01/27/2014,19:45,6.601,6.603,6.599,6.599,36,46
01/27/2014,20:00,6.601,6.606,6.599,6.606,80,19
01/27/2014,20:15,6.606,6.612,6.604,6.606,121,22
01/27/2014,20:30,6.608,6.610,6.606,6.607,25,24
01/27/2014,20:45,6.608,6.608,6.607,6.608,11,2
01/27/2014,21:00,6.608,6.608,6.606,6.606,1,8
01/27/2014,21:15,6.605,6.607,6.604,6.607,27,8
01/27/2014,21:30,6.607,6.608,6.602,6.602,18,16
01/27/2014,21:45,6.602,6.602,6.592,6.598,8,114
01/27/2014,22:00,6.598,6.599,6.589,6.596,26,21
01/27/2014,22:15,6.595,6.601,6.595,6.599,27,8
01/27/2014,22:30,6.597,6.598,6.593,6.593,6,19
01/27/2014,22:45,6.594,6.599,6.593,6.595,40,18
01/27/2014,23:00,6.594,6.598,6.594,6.598,3,12
01/27/2014,23:15,6.598,6.632,6.598,6.631,277,20
01/27/2014,23:30,6.629,6.660,6.625,6.654,115,18
01/27/2014,23:45,6.659,6.665,6.635,6.662,123,99
01/28/2014,00:00,6.659,6.663,6.653,6.657,13,28
01/28/2014,00:15,6.655,6.659,6.652,6.653,18,19
01/28/2014,00:30,6.651,6.653,6.634,6.645,40,55
01/28/2014,00:45,6.644,6.653,6.628,6.629,51,71
01/28/2014,01:00,6.629,6.641,6.629,6.640,5,10
01/28/2014,01:15,6.639,6.643,6.630,6.638,24,19
01/28/2014,01:30,6.638,6.642,6.629,6.640,58,40
01/28/2014,01:45,6.640,6.647,6.639,6.647,19,13
01/28/2014,02:00,6.648,6.657,6.643,6.657,33,15
01/28/2014,02:15,6.659,6.669,6.656,6.667,95,83
01/28/2014,02:30,6.666,6.667,6.655,6.655,27,30
01/28/2014,02:45,6.656,6.658,6.648,6.648,38,76
01/28/2014,03:00,6.651,6.653,6.649,6.652,40,15
01/28/2014,03:15,6.651,6.657,6.644,6.651,33,51
01/28/2014,03:30,6.649,6.656,6.649,6.653,104,49
01/28/2014,03:45,6.649,6.678,6.649,6.677,152,42
01/28/2014,04:00,6.679,6.711,6.679,6.707,325,142
01/28/2014,04:15,6.705,6.708,6.695,6.704,71,108
01/28/2014,04:30,6.705,6.727,6.705,6.726,195,81
01/28/2014,04:45,6.726,6.729,6.691,6.692,105,158
01/28/2014,05:00,6.695,6.696,6.643,6.672,229,362
01/28/2014,05:15,6.674,6.676,6.648,6.653,82,81
01/28/2014,05:30,6.657,6.661,6.651,6.661,21,26
01/28/2014,05:45,6.660,6.709,6.659,6.697,255,121
01/28/2014,06:00,6.695,6.709,6.686,6.700,93,41
01/28/2014,06:15,6.700,6.709,6.696,6.705,79,44
01/28/2014,06:30,6.705,6.735,6.705,6.724,378,297
01/28/2014,06:45,6.726,6.757,6.725,6.754,550,311
01/28/2014,07:00,6.753,6.786,6.753,6.784,614,357
01/28/2014,07:15,6.783,6.807,6.783,6.804,451,590
01/28/2014,07:30,6.804,6.817,6.803,6.809,404,902
01/28/2014,07:45,6.810,6.810,6.754,6.772,614,910
01/28/2014,08:00,6.774,6.785,6.754,6.773,840,1026
01/28/2014,08:15,6.772,6.774,6.685,6.751,2365,2405
01/28/2014,08:30,6.751,6.758,6.722,6.735,1651,1959
01/28/2014,08:45,6.733,6.745,6.705,6.717,1710,1843
01/28/2014,09:00,6.717,6.718,6.686,6.711,1942,1946
01/28/2014,09:15,6.712,6.714,6.645,6.665,5928,7234
01/28/2014,09:30,6.664,6.686,6.648,6.650,2617,2873
01/28/2014,09:45,6.652,6.701,6.649,6.699,3015,2805
01/28/2014,10:00,6.699,6.724,6.687,6.700,2307,1944
01/28/2014,10:15,6.700,6.729,6.699,6.719,1462,1034
01/28/2014,10:30,6.719,6.728,6.691,6.705,1609,1660
01/28/2014,10:45,6.703,6.721,6.688,6.702,1158,1301
01/28/2014,11:00,6.701,6.707,6.660,6.665,1094,1699
01/28/2014,11:15,6.665,6.735,6.665,6.717,3314,2815
01/28/2014,11:30,6.718,6.719,6.691,6.713,1644,1680
01/28/2014,11:45,6.712,6.766,6.711,6.762,3816,2876
01/28/2014,12:00,6.761,6.766,6.741,6.741,2026,1899
01/28/2014,12:15,6.740,6.759,6.735,6.752,1225,1085
01/28/2014,12:30,6.750,6.778,6.749,6.769,2166,1664
01/28/2014,12:45,6.768,6.798,6.763,6.783,3531,3432
01/28/2014,13:00,6.783,6.825,6.782,6.818,4962,4370
01/28/2014,13:15,6.818,6.820,6.765,6.808,3909,4285
01/28/2014,13:30,6.808,6.836,6.783,6.789,3103,3533
01/28/2014,13:45,6.789,6.795,6.756,6.777,2214,2616
01/28/2014,14:00,6.777,6.832,6.776,6.814,3294,2641
01/28/2014,14:15,6.814,6.823,6.778,6.789,2986,3747
01/28/2014,14:30,6.789,6.848,6.785,6.835,12279,12100
01/28/2014,14:45,6.835,6.839,6.823,6.838,1672,1770
01/28/2014,15:00,6.839,6.863,6.835,6.856,1494,659
01/28/2014,15:15,6.856,6.857,6.844,6.852,404,439
01/28/2014,15:30,6.853,6.856,6.834,6.836,498,706
01/28/2014,15:45,6.837,6.837,6.820,6.822,620,769
01/28/2014,16:00,6.821,6.822,6.792,6.799,921,1122
01/28/2014,16:15,6.799,6.812,6.792,6.809,432,279
01/28/2014,16:30,6.809,6.818,6.807,6.815,355,214
01/28/2014,16:45,6.815,6.815,6.794,6.799,58,193
01/28/2014,17:00,6.798,6.798,6.778,6.789,136,228
01/28/2014,18:15,6.789,6.807,6.703,6.761,182,367
01/28/2014,18:30,6.762,6.764,6.748,6.760,63,51
01/28/2014,18:45,6.757,6.760,6.754,6.758,19,21
01/28/2014,19:00,6.762,6.774,6.762,6.772,25,3
01/28/2014,19:15,6.769,6.769,6.759,6.768,18,30
01/28/2014,19:30,6.766,6.777,6.766,6.777,26,13
01/28/2014,19:45,6.779,6.779,6.776,6.777,9,9
01/28/2014,20:00,6.777,6.778,6.772,6.772,12,30
01/28/2014,20:15,6.775,6.779,6.774,6.777,35,8
01/28/2014,20:30,6.778,6.781,6.778,6.779,23,20
01/28/2014,20:45,6.779,6.782,6.778,6.781,18,14
01/28/2014,21:00,6.782,6.804,6.782,6.800,209,49
01/28/2014,21:15,6.800,6.814,6.800,6.811,67,11
01/28/2014,21:30,6.810,6.817,6.804,6.807,45,43
01/28/2014,21:45,6.808,6.819,6.806,6.819,47,9
01/28/2014,22:00,6.819,6.827,6.818,6.825,77,51
01/28/2014,22:15,6.824,6.825,6.809,6.811,12,60
01/28/2014,22:30,6.811,6.812,6.801,6.805,46,71
01/28/2014,22:45,6.802,6.806,6.800,6.804,7,23
01/28/2014,23:00,6.804,6.806,6.804,6.805,9,4
01/28/2014,23:15,6.805,6.817,6.795,6.800,55,144
01/28/2014,23:30,6.798,6.800,6.794,6.796,22,80
01/28/2014,23:45,6.797,6.809,6.764,6.791,241,264
01/29/2014,00:00,6.790,6.796,6.766,6.768,75,138
01/29/2014,00:15,6.768,6.775,6.766,6.771,45,65
01/29/2014,00:30,6.770,6.787,6.769,6.779,51,42
01/29/2014,00:45,6.780,6.782,6.772,6.772,11,86
01/29/2014,01:00,6.773,6.779,6.773,6.774,9,5
01/29/2014,01:15,6.775,6.813,6.775,6.803,206,52
01/29/2014,01:30,6.805,6.806,6.799,6.803,22,17
01/29/2014,01:45,6.803,6.825,6.800,6.817,109,51
01/29/2014,02:00,6.813,6.813,6.799,6.799,9,38
01/29/2014,02:15,6.799,6.800,6.793,6.800,38,29
01/29/2014,02:30,6.800,6.813,6.800,6.812,48,26
01/29/2014,02:45,6.808,6.808,6.787,6.789,5,70
01/29/2014,03:00,6.788,6.790,6.785,6.785,31,23
01/29/2014,03:15,6.784,6.793,6.761,6.791,138,126
01/29/2014,03:30,6.794,6.821,6.794,6.819,222,122
01/29/2014,03:45,6.819,6.872,6.819,6.865,938,376
01/29/2014,04:00,6.866,6.884,6.862,6.876,265,151
01/29/2014,04:15,6.876,6.889,6.876,6.887,269,179
01/29/2014,04:30,6.887,6.887,6.867,6.868,102,323
01/29/2014,04:45,6.868,6.885,6.867,6.877,68,42
01/29/2014,05:00,6.874,6.876,6.867,6.876,66,36
01/29/2014,05:15,6.875,6.875,6.849,6.850,87,224
01/29/2014,05:30,6.851,6.859,6.846,6.851,72,125
01/29/2014,05:45,6.853,6.908,6.853,6.904,903,305
01/29/2014,06:00,6.905,6.911,6.895,6.910,353,218
01/29/2014,06:15,6.909,6.966,6.908,6.951,966,542
01/29/2014,06:30,6.952,6.983,6.942,6.948,501,526
01/29/2014,06:45,6.946,6.955,6.941,6.953,196,228
01/29/2014,07:00,6.953,6.964,6.941,6.958,228,313
01/29/2014,07:15,6.957,6.959,6.910,6.923,550,762
01/29/2014,07:30,6.923,6.973,6.922,6.956,594,276
01/29/2014,07:45,6.956,6.966,6.954,6.964,473,286
01/29/2014,08:00,6.966,6.970,6.937,6.939,452,608
01/29/2014,08:15,6.939,6.949,6.916,6.934,948,969
01/29/2014,08:30,6.935,6.943,6.915,6.927,1156,1409
01/29/2014,08:45,6.928,6.960,6.920,6.947,2288,1930
01/29/2014,09:00,6.947,6.965,6.934,6.934,1848,1817
01/29/2014,09:15,6.934,6.935,6.909,6.918,3739,3752
01/29/2014,09:30,6.917,6.920,6.879,6.898,2772,3010
01/29/2014,09:45,6.897,6.898,6.864,6.873,2102,2442
01/29/2014,10:00,6.874,6.898,6.868,6.883,1208,1229
01/29/2014,10:15,6.883,6.925,6.880,6.913,2964,2669
01/29/2014,10:30,6.914,6.934,6.911,6.920,1881,1664
01/29/2014,10:45,6.920,6.959,6.918,6.955,2510,1437
01/29/2014,11:00,6.954,6.957,6.929,6.934,1317,1517
01/29/2014,11:15,6.933,6.953,6.927,6.936,1740,1642
01/29/2014,11:30,6.936,6.942,6.905,6.910,1491,2142
01/29/2014,11:45,6.909,6.948,6.894,6.925,4866,4763
01/29/2014,12:00,6.924,6.942,6.909,6.940,1503,1220
01/29/2014,12:15,6.940,6.947,6.926,6.945,1290,1648
01/29/2014,12:30,6.945,6.952,6.928,6.936,1438,1227
01/29/2014,12:45,6.937,6.976,6.931,6.967,3673,2450
01/29/2014,13:00,6.967,6.988,6.963,6.973,2551,2169
01/29/2014,13:15,6.973,6.979,6.965,6.975,1299,886
01/29/2014,13:30,6.977,7.022,6.970,7.011,6092,5416
01/29/2014,13:45,7.012,7.108,7.008,7.104,7379,5389
01/29/2014,14:00,7.104,7.153,7.081,7.120,9246,8758
01/29/2014,14:15,7.119,7.206,7.116,7.202,9690,8399
01/29/2014,14:30,7.203,7.385,7.202,7.329,21367,21597
01/29/2014,14:45,7.329,7.366,7.294,7.361,5190,5782
01/29/2014,15:00,7.361,7.362,7.255,7.280,3180,4083
01/29/2014,15:15,7.283,7.336,7.263,7.327,1805,1581
01/29/2014,15:30,7.331,7.341,7.274,7.277,1577,1788
01/29/2014,15:45,7.276,7.294,7.254,7.275,1917,2275
01/29/2014,16:00,7.274,7.324,7.272,7.318,1354,1114
01/29/2014,16:15,7.319,7.322,7.296,7.309,433,544
01/29/2014,16:30,7.309,7.361,7.303,7.361,1074,355
01/29/2014,16:45,7.361,7.371,7.334,7.366,652,405
01/29/2014,17:00,7.370,7.376,7.364,7.367,252,215
01/29/2014,18:15,7.366,7.373,7.333,7.342,121,206
01/29/2014,18:30,7.342,7.352,7.339,7.345,40,48
01/29/2014,18:45,7.343,7.358,7.336,7.355,39,34
01/29/2014,19:00,7.355,7.355,7.344,7.351,12,38
01/29/2014,19:15,7.346,7.350,7.345,7.350,10,11
01/29/2014,19:30,7.349,7.356,7.347,7.354,25,11
01/29/2014,19:45,7.356,7.356,7.347,7.348,14,22
01/29/2014,20:00,7.349,7.376,7.349,7.367,136,54
01/29/2014,20:15,7.366,7.366,7.323,7.361,191,210
01/29/2014,20:30,7.361,7.363,7.306,7.320,86,240
01/29/2014,20:45,7.323,7.329,7.302,7.302,47,136
01/29/2014,21:00,7.301,7.317,7.293,7.299,82,173
01/29/2014,21:15,7.301,7.302,7.283,7.295,102,118
01/29/2014,21:30,7.296,7.299,7.283,7.287,41,36
01/29/2014,21:45,7.283,7.314,7.279,7.314,130,54
01/29/2014,22:00,7.314,7.324,7.311,7.318,133,67
01/29/2014,22:15,7.318,7.318,7.287,7.306,64,104
01/29/2014,22:30,7.305,7.309,7.295,7.302,32,44
01/29/2014,22:45,7.300,7.313,7.300,7.308,24,8
01/29/2014,23:00,7.308,7.314,7.299,7.299,16,45
01/29/2014,23:15,7.296,7.303,7.279,7.279,90,155
01/29/2014,23:30,7.278,7.284,7.261,7.264,26,119
01/29/2014,23:45,7.265,7.335,7.265,7.299,398,127
01/30/2014,00:00,7.299,7.315,7.252,7.254,252,497
01/30/2014,00:15,7.256,7.265,7.249,7.253,124,234
01/30/2014,00:30,7.252,7.314,7.252,7.257,244,142
01/30/2014,00:45,7.258,7.260,7.224,7.224,101,591
01/30/2014,01:00,7.224,7.236,7.213,7.236,154,301
01/30/2014,01:15,7.234,7.237,7.214,7.224,59,135
01/30/2014,01:30,7.228,7.262,7.228,7.251,183,50
01/30/2014,01:45,7.253,7.273,7.253,7.260,57,32
01/30/2014,02:00,7.262,7.269,7.256,7.262,29,32
01/30/2014,02:15,7.260,7.265,7.250,7.252,16,40
01/30/2014,02:30,7.256,7.282,7.254,7.263,97,65
01/30/2014,02:45,7.263,7.267,7.259,7.259,41,25
01/30/2014,03:00,7.259,7.259,7.216,7.227,68,201
01/30/2014,03:15,7.227,7.235,7.220,7.234,137,145
01/30/2014,03:30,7.233,7.235,7.189,7.195,198,646
01/30/2014,03:45,7.193,7.203,7.172,7.176,308,465
01/30/2014,04:00,7.176,7.179,7.160,7.163,141,293
01/30/2014,04:15,7.162,7.176,7.154,7.167,157,373
01/30/2014,04:30,7.168,7.171,7.163,7.164,112,114
01/30/2014,04:45,7.167,7.192,7.165,7.166,201,201
01/30/2014,05:00,7.166,7.180,7.162,7.176,102,84
01/30/2014,05:15,7.177,7.186,7.170,7.172,126,131
01/30/2014,05:30,7.174,7.187,7.169,7.183,76,54
01/30/2014,05:45,7.182,7.230,7.178,7.217,407,171
01/30/2014,06:00,7.216,7.248,7.214,7.237,259,246
01/30/2014,06:15,7.236,7.243,7.188,7.205,205,436
01/30/2014,06:30,7.200,7.211,7.184,7.208,247,213
01/30/2014,06:45,7.206,7.209,7.172,7.174,240,446
01/30/2014,07:00,7.173,7.178,7.154,7.166,445,402
01/30/2014,07:15,7.167,7.167,7.127,7.139,598,821
01/30/2014,07:30,7.137,7.151,7.124,7.133,405,613
01/30/2014,07:45,7.135,7.144,7.107,7.135,632,1178
01/30/2014,08:00,7.135,7.157,7.129,7.145,616,415
01/30/2014,08:15,7.145,7.145,7.074,7.080,2420,2968
01/30/2014,08:30,7.080,7.119,7.075,7.103,2122,2056
01/30/2014,08:45,7.104,7.147,7.104,7.113,2885,2431
01/30/2014,09:00,7.114,7.121,7.090,7.115,1119,1294
01/30/2014,09:15,7.115,7.155,7.112,7.119,3167,2285
01/30/2014,09:30,7.119,7.126,7.065,7.070,2899,3792
01/30/2014,09:45,7.071,7.101,7.057,7.075,3521,2778
01/30/2014,10:00,7.075,7.086,7.062,7.080,1899,1811
01/30/2014,10:15,7.078,7.092,7.058,7.084,2522,2116
01/30/2014,10:30,7.084,7.084,7.019,7.055,4830,6110
01/30/2014,10:45,7.052,7.114,7.013,7.051,10977,10610
01/30/2014,11:00,7.052,7.057,7.025,7.040,3515,3456
01/30/2014,11:15,7.039,7.104,6.954,7.086,10045,10418
01/30/2014,11:30,7.086,7.131,7.062,7.125,4792,4502
01/30/2014,11:45,7.125,7.197,7.099,7.134,8458,8533
01/30/2014,12:00,7.137,7.145,7.085,7.111,3387,3735
01/30/2014,12:15,7.111,7.144,7.074,7.091,2106,1888
01/30/2014,12:30,7.092,7.104,7.010,7.023,2847,3994
01/30/2014,12:45,7.021,7.062,6.993,6.997,4042,3745
01/30/2014,13:00,6.998,7.035,6.989,7.011,2281,1822
01/30/2014,13:15,7.012,7.035,6.978,7.024,2364,2301
01/30/2014,13:30,7.024,7.041,6.992,7.019,2373,2655
01/30/2014,13:45,7.020,7.068,7.000,7.019,2730,2724
01/30/2014,14:00,7.017,7.036,6.930,6.956,5743,7718
01/30/2014,14:15,6.957,6.968,6.896,6.922,7322,6816
01/30/2014,14:30,6.921,6.938,6.880,6.918,8780,7299
01/30/2014,14:45,6.918,6.929,6.905,6.923,1384,1307
01/30/2014,15:00,6.923,6.928,6.909,6.926,673,611
01/30/2014,15:15,6.926,6.938,6.918,6.921,711,518
01/30/2014,15:30,6.923,6.931,6.909,6.915,728,703
01/30/2014,15:45,6.916,6.916,6.825,6.833,1278,3275
01/30/2014,16:00,6.832,6.838,6.799,6.809,1493,2119
01/30/2014,16:15,6.809,6.826,6.806,6.813,362,375
01/30/2014,16:30,6.812,6.832,6.811,6.817,569,367
01/30/2014,16:45,6.816,6.831,6.812,6.816,176,137
01/30/2014,17:00,6.819,6.833,6.814,6.828,174,63
01/30/2014,18:15,6.799,6.823,6.790,6.813,127,151
01/30/2014,18:30,6.815,6.824,6.812,6.823,21,16
01/30/2014,18:45,6.824,6.845,6.824,6.843,109,70
01/30/2014,19:00,6.843,6.858,6.843,6.845,100,83
01/30/2014,19:15,6.845,6.845,6.841,6.841,2,18
01/30/2014,19:30,6.844,6.858,6.842,6.854,42,11
01/30/2014,19:45,6.856,6.858,6.833,6.833,15,128
01/30/2014,20:00,6.835,6.835,6.811,6.816,26,121
01/30/2014,20:15,6.815,6.829,6.814,6.822,45,51
01/30/2014,20:30,6.819,6.819,6.809,6.811,12,31
01/30/2014,20:45,6.813,6.813,6.803,6.807,30,28
01/30/2014,21:00,6.809,6.826,6.809,6.826,29,4
01/30/2014,21:15,6.827,6.828,6.824,6.827,14,10
01/30/2014,21:30,6.827,6.828,6.827,6.828,4,2
01/30/2014,21:45,6.829,6.841,6.823,6.826,43,41
01/30/2014,22:00,6.826,6.843,6.824,6.841,21,23
01/30/2014,22:15,6.840,6.840,6.830,6.836,30,11
01/30/2014,22:30,6.845,6.855,6.829,6.830,63,39
01/30/2014,22:45,6.829,6.841,6.829,6.835,24,7
01/30/2014,23:00,6.835,6.838,6.827,6.837,20,24
01/30/2014,23:15,6.837,6.837,6.801,6.804,57,236
01/30/2014,23:30,6.804,6.809,6.774,6.780,104,369
01/30/2014,23:45,6.783,6.805,6.780,6.781,165,158
01/31/2014,00:00,6.782,6.796,6.781,6.796,96,88
01/31/2014,00:15,6.797,6.799,6.786,6.787,57,69
01/31/2014,00:30,6.787,6.818,6.787,6.808,173,60
01/31/2014,00:45,6.809,6.811,6.805,6.805,13,8
01/31/2014,01:00,6.807,6.816,6.807,6.815,190,31
01/31/2014,01:15,6.815,6.839,6.814,6.834,173,96
01/31/2014,01:30,6.836,6.862,6.836,6.860,166,44
01/31/2014,01:45,6.861,6.873,6.854,6.858,80,47
01/31/2014,02:00,6.857,6.882,6.857,6.878,72,31
01/31/2014,02:15,6.875,6.879,6.850,6.850,21,65
01/31/2014,02:30,6.849,6.866,6.845,6.855,53,44
01/31/2014,02:45,6.856,6.860,6.848,6.849,26,33
01/31/2014,03:00,6.849,6.867,6.846,6.849,25,82
01/31/2014,03:15,6.849,6.867,6.843,6.851,82,147
01/31/2014,03:30,6.849,6.868,6.844,6.867,142,152
01/31/2014,03:45,6.869,6.869,6.779,6.796,294,565
01/31/2014,04:00,6.797,6.817,6.790,6.815,104,76
01/31/2014,04:15,6.817,6.834,6.811,6.823,109,87
01/31/2014,04:30,6.824,6.833,6.823,6.832,41,30
01/31/2014,04:45,6.837,6.837,6.796,6.808,85,139
01/31/2014,05:00,6.804,6.820,6.802,6.805,56,65
01/31/2014,05:15,6.806,6.810,6.792,6.797,30,81
01/31/2014,05:30,6.796,6.798,6.744,6.751,224,752
01/31/2014,05:45,6.750,6.759,6.739,6.758,285,212
01/31/2014,06:00,6.759,6.775,6.756,6.773,285,237
01/31/2014,06:15,6.774,6.775,6.744,6.764,302,260
01/31/2014,06:30,6.764,6.767,6.754,6.761,77,99
01/31/2014,06:45,6.763,6.771,6.755,6.764,145,147
01/31/2014,07:00,6.764,6.771,6.758,6.770,72,27
01/31/2014,07:15,6.770,6.770,6.739,6.755,226,328
01/31/2014,07:30,6.755,6.784,6.753,6.771,358,138
01/31/2014,07:45,6.767,6.816,6.767,6.784,634,459
01/31/2014,08:00,6.785,6.797,6.729,6.749,523,777
01/31/2014,08:15,6.750,6.789,6.750,6.785,1277,1100
01/31/2014,08:30,6.785,6.818,6.782,6.794,1132,956
01/31/2014,08:45,6.793,6.862,6.790,6.835,2519,2025
01/31/2014,09:00,6.835,6.856,6.816,6.851,1524,1243
01/31/2014,09:15,6.851,6.894,6.850,6.864,4622,4244
01/31/2014,09:30,6.864,6.865,6.829,6.832,1565,2201
01/31/2014,09:45,6.834,6.834,6.765,6.773,2235,3085
01/31/2014,10:00,6.772,6.783,6.743,6.762,2972,2958
01/31/2014,10:15,6.762,6.786,6.717,6.727,2957,3345
01/31/2014,10:30,6.728,6.753,6.720,6.725,2214,2090
01/31/2014,10:45,6.725,6.729,6.654,6.692,5525,6016
01/31/2014,11:00,6.692,6.694,6.620,6.660,4766,5318
01/31/2014,11:15,6.658,6.688,6.655,6.676,2692,2480
01/31/2014,11:30,6.676,6.733,6.671,6.714,3770,2930
01/31/2014,11:45,6.714,6.748,6.706,6.728,3030,3180
01/31/2014,12:00,6.727,6.727,6.666,6.673,2063,2451
01/31/2014,12:15,6.675,6.696,6.655,6.679,1657,1682
01/31/2014,12:30,6.679,6.703,6.662,6.684,1463,1551
01/31/2014,12:45,6.684,6.720,6.660,6.713,1844,1863
01/31/2014,13:00,6.712,6.727,6.695,6.712,1156,1130
01/31/2014,13:15,6.713,6.726,6.678,6.724,1488,1229
01/31/2014,13:30,6.725,6.726,6.707,6.723,688,662
01/31/2014,13:45,6.724,6.818,6.717,6.812,4682,3106
01/31/2014,14:00,6.812,6.854,6.772,6.841,3465,3043
01/31/2014,14:15,6.840,6.843,6.774,6.787,2995,3584
01/31/2014,14:30,6.786,6.858,6.780,6.835,6051,5904
01/31/2014,14:45,6.835,6.839,6.770,6.812,1449,1750
01/31/2014,15:00,6.813,6.818,6.793,6.799,310,397
01/31/2014,15:15,6.799,6.808,6.781,6.807,613,502
01/31/2014,15:30,6.805,6.830,6.800,6.820,683,662
01/31/2014,15:45,6.820,6.829,6.796,6.803,398,429
01/31/2014,16:00,6.801,6.804,6.784,6.803,488,504
01/31/2014,16:15,6.800,6.801,6.781,6.792,105,194
01/31/2014,16:30,6.792,6.792,6.760,6.763,97,245
01/31/2014,16:45,6.768,6.783,6.762,6.775,75,52
01/31/2014,17:00,6.774,6.780,6.772,6.779,49,26
