0, 754560
1, 627647
2, 940268
3, 1379327
4, 1236712
5, 1410802
6, 2276658
7, 4358474
8, 14053085
9, 34033985
10, 36075275
11, 28597496
12, 23792416
13, 20838630
14, 33991444
15, 5877201
16, 2796683
17, 541444
18, 1128490
19, 486286
20, 579224
21, 450694
22, 419988
23, 503300


1, -922
2, -196
3, 296
4, -6481
5, 0
6, 0
7, 437


189
243
425
345
232
254
251
353
321
213
108
243
160
239
219
416
258
198
190
204
160
198
273
296
204
140
130
352
61
255
140
284
326
161
142
151
199
100
110
231
86
117
127
145
178
92
113
100
88
238
139
102
90
172
134
141
167
226
347
310
268
163
242
195
244
220
155
249
114
175
114
111
220
253
139
102
143
419
180
125
83
115
231
139
229
116
159
259
98
128
198
210
167
153
82
106
180
179
139
78
213
223
327
368
290
248
169
180
140
182
170
231
198
203
356
197
132
189
154
231
150
389
258
181
246
225
264
116
102
153
86
335
187
101
151
182
202
113
123
89
221
192
153
326
200
124
269
190
285
94
119
99
73
168
136
112
234
68
100
64
218
144
186
185
150
170
147
189
92
135
119
137
166
175
177
128
292
118
175
187
106
260
97
102
232
82
102
97
140
278
100
87
122
144
166
158
120
218
194
113
115
147
123
268
245
363
178
110
156
101
183
170
231
208
146
170
137
241
205
200
168
175
130
99
321
128
160
180
111
155
162
264
227
135
224
189
85
231
159
237
189
179
119
128
209
94
129
148
198
150
193
243
123
128
166
108
138
129
79
151
179
179
133
322
208
129
189
117
170
104
106
171
82
173
99
95
184
85
86
106
89
124
58
79
165
108
132
212
146
200
89
110
95
205
132
108
145
141
162
204
113
250
99
114
116
95
184
211
152
197
134
237
142
131
101
116
127
65
162
87
107
198
67
183
164
73
157
101
76
96
203
150
92
69
127
365
127
148
117
139
127
120
143
168
61
109
184
159
127
69
227
198
66
146
93
234
122
117
90
106
473
117
215
96
83
187
132
97
109
137
181
77
101
130
102
209
88
90
132
148
184
104
156
127
105
157
177
130
68
164
221
104
116
75
79
139
96
75
95
114
204
78
117
152
101
203
88
112
139
90
153
71
75
174
119
114
63
102
140
198
160
215
71
94
138
109
104
99
148
144
205
104
104
81
81
98
62
123
80
103
152
141
108
72
139
128
130
113
114
150
113
231
136
166
99
153
102
87
119
129
169
126
195
74
122
78
113
113
115
96
98
106
93
113
154
159
155
93
134
134
199
115
99
148
95
128
102
95
140
132
54
68
161
104
89
70
64
97
101
68
103
80
147
85
138
148
176
122
55
142
188
109
90
47
145
90
192
84
388
138
205
250
178
204
236
116
244
110
140
166
118
180
77
75
135
163
162
206
68
80
136
130
123
145
113
118
153
44
92
55
62
100
67
55
134
99
100
116
108
51
63
130
64
105
62
56
145
71
94
87
68
75
56
102
73
98
40
54
69
48
69
33
101
58
118
173
91
170
92
148
127
112
85
185
107
112
76
106
136
149
169
153
154
149
132
122
131
91
144
115
121
102
121
94
90
176
92
87
99
47
360
113
194
165
176
133
122
87
133
220
187
116
113
116
66
67
307
120
181
144
200
82
134
126
243
112
112
139
112
128
111
114
201
120
118
259
115
135
113
90
183
75
118
99
155
69
99
137
91
177
182
128
71
91
130
101
33
126
89
117
99
196
202
118
110
142
127
161
118
74
111
89
93
148
130
82
161
148
178
104
98
104
169
83
166
75
153
111
102
190
88
222
122
132
120
87
135
170
98
89
161
82
107
62
95
135
126
192
103
150
141
125
116
124
45
88
164
64
154
178
133
117
86
212
134
144
105
103
81
114
102
118
114
130
151
83
130
108
72
127
140
308
72
106
114
80
140
103
163
74
136
93
149
106
79
136
84
151
69
121
68
83
152
109
95
109
61
171
71
88
91
93
174
69
42
115
56
106
63
102
87
148
113
80
132
83
88
140
70
62
56
73
155
103
107
104
91
134
93
136
142
120
148
110
101
88
115
216
135
100
136
138
113
170
116
98
257
57
144
101
114
110
167
170
75
129
347
93
85
89
94
137
109
91
107
67
183
181
96
132
73
110
79
103
170
111
173
83
89
68
52
178
55
89
83
79
135
102
166
87
77
129
140
97
115
81
201
92
76
100
125
83
108
152
121
156
128
92
143
110
76
229
66
123
103
91
119
106
116
70
52
113
66
53
55
80
197
111
117
72
91
130
74
116
69
107
108
89
69
95
117
145
87
88
46
59
157
78
90
89
93
128
86
124
56
83
140
59
85
129
56
137
74
117
114
80
53
142
97
61
112
64
97
82
112
74
100
184
96
62
100
138
124
75
52
99
70
69
112
94
139
79
56
95
106
133
92
94
102
132
82
105
96
98
84
70
81
96
72
60
201
96
109
88
176
127
102
115
132
90
203
90
76
102
88
162
69
224
118
184
113
168
182
195
146
195
95
114
179
92
98
210
292
294
433
614
248
682
577
274
235
455
747
500
310
224
400
248
418
249
99
201
715
518
428
1113
704
202
126
207
273
186
215
189
115
177
111
183
141
98
105
103
84
125
92
88
167
76
203
92
150
127
169
170
74
98
96
95
181
68
107
122
80
262
102
80
60
131
88
165
94
101
116
93
124
114
121
194
100
143
122
64
220
51
133
140
109
166
53
21
152
139
136
103
98
69
77
137
57
111
116
69
249
77
217
67
127
127
98
139
125
70
203
91
115
85
121
82
61
156
109
67
85
53
81
77
62
174
42
66
109
65
142
98
122
92
81
130
96
92
89
74
123
103
90
66
172
148
143
98
135
96
169
116
79
100
128
73
55
190
88
90
67
137
163
57
154
73
113
136
80
130
88
74
90
126
151
71
151
80
167
151
102
113
102
110
126
55
107
149
93
90
102
82
85
67
93
96
97
140
153
105
120
76
150
183
346
212
298
190
84
213
143
234
187
314
253
292
152
217
199
135
193
113
170
109
170
160
200
101
137
164
182
237
184
110
169
233
231
136
187
125
164
99
248
291
301
144
187
152
102
151
176
405
295
204
70
188
148
282
139
114
117
102
252
96
99
133
130
120
62
117
137
172
204
155
110
171
109
113
183
194
145
116
199
61
84
93
71
121
87
110
58
186
139
85
68
118
160
152
157
65
75
81
107
81
65
64
87
128
65
62
58
124
47
68
50
134
145
68
62
64
68
85
43
51
57
101
213
86
86
55
75
110
163
139
146
116
132
65
70
167
119
118
89
41
67
93
143
89
69
124
99
119
65
88
154
97
103
82
155
98
116
110
98
38
80
68
102
101
109
104
90
96
56
112
80
93
84
96
112
97
88
71
89
72
74
144
42
85
75
49
133
82
78
69
83
112
63
65
82
147
55
70
55
45
94
90
72
51
39
68
60
49
51
67
102
69
61
71
66
77
57
83
73
79
76
63
46
46
73
78
73
92
100
121
68
62
53
76
78
54
49
68
67
129
56
46
55
114
79
99
188
167
114
137
148
47
57
62
134
81
113
72
101
79
107
130
111
82
121
152
175
88
76
65
54
75
66
74
69
44
102
79
70
100
52
61
110
74
120
121
161
76
138
75
177
129
147
108
136
91
119
158
118
125
125
67
168
67
86
96
82
109
56
94
91
79
143
97
101
164
73
94
95
67
69
92
113
74
49
60
67
105
76
77
75
47
90
74
47
90
89
65
64
128
62
97
63
86
90
59
122
76
100
74
122
55
88
76
52
98
67
98
110
46
132
58
44
108
49
91
82
78
171
83
54
113
133
89
91
101
153
117
63
99
111
64
46
82
69
60
89
64
53
63
100
59
83
111
53
55
90
24
144
109
63
67
81
83
48
179
58
65
86
48
86
102
109
76
118
106
78
107
153
130
94
107
64
182
105
116
77
175
64
97
60
109
91
73
82
85
135
90
90
75
242
74
108
71
144
75
76
56
139
99
76
102
75
50
63
95
101
100
113
70
114
110
68
128
92
105
55
42
61
78
142
61
104
55
126
110
97
68
137
69
110
88
75
46
98
76
85
71
112
136
99
203
135
91
76
202
98
60
69
117
100
166
217
124
151
103
109
185
179
120
115
79
94
249
197
153
130
134
128
113
117
162
82
101
147
48
105
99
90
80
231
190
206
158
192
227
116
129
129
128
195
91
120
166
285
129
181
92
232
130
167
301
122
174
144
177
217
139
156
103
95
159
155
147
158
133
91
110
146
157
126
125
115
91
159
80
105
104
79
116
73
66
81
122
69
81
223
118
135
68
62
135
85
105
65
95
75
116
101
77
99
136
83
88
83
183
80
88
77
76
89
93
92
96
79
114
180
93
102
94
65
127
65
94
91
68
80
85
103
118
61
118
59
69
115
95
58
89
99
125
73
147
115
81
74
153
104
81
87
55
122
76
112
74
54
82
111
140
62
112
91
85
90
38
86
116
73
137
61
92
70
107
45
77
43
70
90
78
115
43
188
44
100
76
132
73
73
72
69
74
41
97
106
75
51
70
92
60
119
74
52
56
47
48
49
99
123
35
93
53
50
83
43
113
79
57
65
71
118
56
52
137
90
46
79
71
62
90
54
107
83
70
68
108
54
71
149
33
75
57
88
80
52
136
55
79
101
61
59
63
86
113
52
69
105
90
137
84
69
44
86
74
108
70
123
82
76
68
92
88
76
65
53
104
85
101
64
75
63
52
72
95
125
73
126
91
186
88
174
123
175
63
55
171
95
74
151
144
81
146
101
99
151
141
211
88
174
97
230
141
85
141
120
255
154
89
136
190
190
113
126
379
220
183
201
150
98
234
141
80
144
90
94
77
128
69
80
70
93
50
56
70
115
63
87
81
69
51
89
42
53
55
45
56
40
86
35
88
86
34
70
45
74
56
48
76
61
41
66
109
40
71
64
42
64
83
69
53
86
40
50
56
93
88
61
43
45
106
61
66
73
40
75
67
34
111
27
49
40
35
82
38
41
101
41
37
52
63
124
39
101
51
57
57
39
91
61
54
71
63
46
68
108
68
57
65
65
46
48
57
91
44
75
51
72
58
38
48
53
52
38
62
43
57
34
72
30
28
34
45
30
40
48
59
44
88
48
43
43
67
29
38
49
52
33
58
60
51
38
40
47
68
41
38
46
49
49
86
62
57
32
26
62
51
51
51
52
58
126
50
105
51
97
67
96
148
85
116
85
106
121
115
120
131
107
134
132
96
101
100
130
103
121
129
91
80
108
70
115
87
102
147
139
67
74
75
272
219
208
879
918
483
352
398
444
419
341
292
221
519
222
303
293
216
226
218
339
276
239
326
257
307
226
284
330
366
234
397
271
195
249
210
134
133
155
84
105
80
128
175
337
289
358
226
298
130
330
210
168
160
95
121
73
116
120
78
69
69
142
62
106
79
111
47
94
65
66
58
69
51
109
89
80
56
92
67
51
74
59
39
75
46
77
33
66
84
62
58
43
103
60
36
60
45
72
76
49
39
49
48
68
45
43
58
37
68
24
79
43
51
88
37
81
88
52
49
65
54
58
58
42
79
46
73
55
48
74
61
44
75
59
86
49
62
57
52
66
94
129
93
60
71
87
48
41
70
39
64
76
61
86
90
144
41
121
60
49
74
64
114
65
59
38
179
98
77
73
94
84
86
110
56
89
58
89
39
85
39
75
63
35
141
168
125
80
60
71
69
62
89
129
54
87
44
81
50
47
78
58
83
92
75
85
118
80
102
112
77
71
73
86
59
82
93
109
73
54
96
64
150
71
68
66
59
142
135
55
57
77
72
75
85
83
107
81
71
109
80
54
73
63
122
149
107
132
143
61
88
71
129
67
98
78
110
71
118
117
59
76
69
118
199
83
70
44
216
80
170
95
67
109
100
73
63
104
89
92
80
70
70
66
77
61
113
108
76


